cMHCIEnEr,cMHCIEnPm,cMHCIEnRabA,cMHCIEnRabB,cMHCIEnRabC,cMHCIEnRabD,cMHCIEnRabE,cMHCIEnRabF,cMHCIEnRabG,cMHCIEnRabH,cMHCIEnRabI,exCxEnEr,exCxEnPm,exCxEnRabA,exCxEnRabB,exCxEnRabC,exCxEnRabD,exCxEnRabE,exCxEnRabF,exCxEnRabG,exCxEnRabH,exCxEnRabI,FeCyCy,FeEnEr,FeEnPm,FeEnRabA,FeEnRabB,FeEnRabC,FeEnRabD,FeEnRabE,FeEnRabF,FeEnRabG,FeEnRabH,FeEnRabI,imCxEnEr,imCxEnPm,imCxEnRabA,imCxEnRabB,imCxEnRabC,imCxEnRabD,imCxEnRabE,imCxEnRabF,imCxEnRabG,imCxEnRabH,imCxEnRabI,membraneMarkerEr,membraneMarkerPm,membraneMarkerRabA,membraneMarkerRabB,membraneMarkerRabC,membraneMarkerRabD,membraneMarkerRabE,membraneMarkerRabF,membraneMarkerRabG,membraneMarkerRabH,membraneMarkerRabI,mvbEr,mvbPm,mvbRabA,mvbRabB,mvbRabC,mvbRabD,mvbRabE,mvbRabF,mvbRabG,mvbRabH,mvbRabI,oMHCIEnEr,oMHCIEnPm,oMHCIEnRabA,oMHCIEnRabB,oMHCIEnRabC,oMHCIEnRabD,oMHCIEnRabE,oMHCIEnRabF,oMHCIEnRabG,oMHCIEnRabH,oMHCIEnRabI,ovaCyCy,ovaEnEr,ovaEnPm,ovaEnRabA,ovaEnRabB,ovaEnRabC,ovaEnRabD,ovaEnRabE,ovaEnRabF,ovaEnRabG,ovaEnRabH,ovaEnRabI,pepCyCy,pepEnEr,pepEnPm,pepEnRabA,pepEnRabB,pepEnRabC,pepEnRabD,pepEnRabE,pepEnRabF,pepEnRabG,pepEnRabH,pepEnRabI,pepMHCIEnEr,pepMHCIEnPm,pepMHCIEnRabA,pepMHCIEnRabB,pepMHCIEnRabC,pepMHCIEnRabD,pepMHCIEnRabE,pepMHCIEnRabF,pepMHCIEnRabG,pepMHCIEnRabH,pepMHCIEnRabI,protonCyCy,protonEnEr,protonEnPm,protonEnRabA,protonEnRabB,protonEnRabC,protonEnRabD,protonEnRabE,protonEnRabF,protonEnRabG,protonEnRabH,protonEnRabI,R-TfaEnEr,R-TfaEnPm,R-TfaEnRabA,R-TfaEnRabB,R-TfaEnRabC,R-TfaEnRabD,R-TfaEnRabE,R-TfaEnRabF,R-TfaEnRabG,R-TfaEnRabH,R-TfaEnRabI,R-TfEnEr,R-TfEnPm,R-TfEnRabA,R-TfEnRabB,R-TfEnRabC,R-TfEnRabD,R-TfEnRabE,R-TfEnRabF,R-TfEnRabG,R-TfEnRabH,R-TfEnRabI,REnEr,REnPm,REnRabA,REnRabB,REnRabC,REnRabD,REnRabE,REnRabF,REnRabG,REnRabH,REnRabI,solubleMarkerEr,solubleMarkerPm,solubleMarkerRabA,solubleMarkerRabB,solubleMarkerRabC,solubleMarkerRabD,solubleMarkerRabE,solubleMarkerRabF,solubleMarkerRabG,solubleMarkerRabH,solubleMarkerRabI,TfaEnEr,TfaEnPm,TfaEnRabA,TfaEnRabB,TfaEnRabC,TfaEnRabD,TfaEnRabE,TfaEnRabF,TfaEnRabG,TfaEnRabH,TfaEnRabI,TfEnEr,TfEnPm,TfEnRabA,TfEnRabB,TfEnRabC,TfEnRabD,TfEnRabE,TfEnRabF,TfEnRabG,TfEnRabH,TfEnRabI,
0.0,0.0,0.0,0.0,0.0,0.0,0.0,0.0,0.0,0.0,0.0,0.0,0.0,0.0,0.0,0.0,0.0,0.0,0.0,0.0,0.0,0.0,0.0,0.0,0.0,0.0,0.0,0.0,0.0,0.0,0.0,0.0,0.0,0.0,0.0,0.0,0.0,0.0,0.0,0.0,0.0,0.0,0.0,0.0,0.0,0.0,1.0,0.0,0.0,0.0,0.0,0.0,0.0,0.0,0.0,0.0,2.33E-22,10720.0,355.8,162.2,36.28,5498.0,128.6,45.76,36.6,23.55,43.58,0.0,0.0,0.0,0.0,0.0,0.0,0.0,0.0,0.0,0.0,0.0,0.0,0.0,0.0,0.0,0.0,0.0,0.0,0.0,0.0,0.0,0.0,0.0,0.0,0.0,0.0,0.0,0.0,0.0,0.0,0.0,0.0,0.0,0.0,0.0,0.0,0.0,0.0,0.0,0.0,0.0,0.0,0.0,0.0,0.0,0.0,1.0E-4,11700.0,767100.0,4756.0,964.5,393.1,4248.0,930.8,633.9,2244.0,942.4,1082.0,0.0,0.0,0.0,0.0,0.0,0.0,0.0,0.0,0.0,0.0,0.0,0.0,2052.0,0.0,0.0,0.0,0.0,0.0,0.0,0.0,0.0,0.0,17.38,2.754,2164.0,1236.0,989.4,252.7,14.84,20.73,13.41,6.192,30.65,0.0,0.0,0.0,0.0,0.0,0.0,0.0,0.0,0.0,0.0,0.0,0.0,0.0,0.0,0.0,0.0,0.0,0.0,0.0,0.0,0.0,0.0,0.0,0.0,0.0,0.0,0.0,0.0,0.0,0.0,0.0,0.0,0.0,
0.0,0.0,0.0,0.0,0.0,0.0,0.0,0.0,0.0,0.0,0.0,0.0,0.0,0.0,0.0,0.0,0.0,0.0,0.0,0.0,0.0,0.0,7.481E-16,0.0,5.056E-4,0.02356,0.0,0.0,0.0,0.0,0.0,0.0,0.0,0.0,0.0,0.0,0.0,0.0,0.0,0.0,0.0,0.0,0.0,0.0,0.0,0.0,0.0,1.0,0.0,0.0,0.0,0.0,0.0,0.0,0.0,0.0,2.33E-22,10720.0,358.2,162.5,35.98,5505.0,128.3,45.48,36.05,23.44,43.26,0.0,0.0,0.0,0.0,0.0,0.0,0.0,0.0,0.0,0.0,0.0,0.0,0.0,0.0,0.0,0.0,0.0,0.0,0.0,0.0,0.0,0.0,0.0,0.0,0.0,0.0,0.0,0.0,0.0,0.0,0.0,0.0,0.0,0.0,0.0,0.0,0.0,0.0,0.0,0.0,0.0,0.0,0.0,0.0,0.0,0.0,1.0E-4,11700.0,9.551999999999999E25,28670.0,8776.0,3600.0,650700.0,11130.0,4943.0,5340.0,3078.0,4637.0,0.0,4.764E-4,0.02341,0.0,0.0,0.0,0.0,0.0,0.0,0.0,0.0,0.0,1806.0,235.6,0.0,0.0,0.0,0.0,0.0,0.0,0.0,0.0,17.38,9.103,2166.0,1233.0,988.2,252.7,14.82,20.68,13.37,6.187,30.65,0.0,0.0,0.0,0.0,0.0,0.0,0.0,0.0,0.0,0.0,0.0,0.0,2.923E-5,3.575E-5,0.0,0.0,0.0,0.0,0.0,0.0,0.0,0.0,0.0,9.052,0.0,0.0,0.0,0.0,0.0,0.0,0.0,0.0,0.0,
0.0,0.0,0.0,0.0,0.0,0.0,0.0,0.0,0.0,0.0,0.0,0.0,0.0,0.0,0.0,0.0,0.0,0.0,0.0,0.0,0.0,0.0,2.843E-11,0.0,0.001343,2.339,0.3097,0.01684,0.07159,0.0,0.0,0.0,0.0,0.0,0.0,0.0,0.0,0.0,0.0,0.0,0.0,0.0,0.0,0.0,0.0,0.0,0.0,1.0,0.0,0.0,0.0,0.0,0.0,0.0,0.0,0.0,2.33E-22,10720.0,356.1,165.9,36.22,5477.0,129.6,46.08,36.15,23.59,43.37,0.0,0.0,0.0,0.0,0.0,0.0,0.0,0.0,0.0,0.0,0.0,0.0,0.0,0.0,0.0,0.0,0.0,0.0,0.0,0.0,0.0,0.0,0.0,0.0,0.0,0.0,0.0,0.0,0.0,0.0,0.0,0.0,0.0,0.0,0.0,0.0,0.0,0.0,0.0,0.0,0.0,0.0,0.0,0.0,0.0,0.0,1.0E-4,11700.0,9.551999999999999E25,44340.0,15270.0,6243.0,1099000.0,18240.0,8197.0,8098.0,4743.0,7632.0,0.0,0.001148,2.44,0.3694,0.01943,0.0833,0.0,0.0,0.0,0.0,0.0,0.0,1791.0,226.6,4.424,0.4128,0.9264,0.0,0.0,0.0,0.0,0.0,17.38,29.88,2199.0,1199.0,976.4,254.2,14.85,20.64,13.34,6.196,30.64,0.0,0.0,0.0,0.0,0.0,0.0,0.0,0.0,0.0,0.0,0.0,0.0,1.943E-4,1.675E-4,1.569E-6,2.283E-7,4.752E-7,0.0,0.0,0.0,0.0,0.0,0.0,24.04,0.0,0.0,0.0,0.0,0.0,0.0,0.0,0.0,0.0,
0.0,0.0,0.0,0.0,0.0,0.0,0.0,0.0,0.0,0.0,0.0,0.0,0.0,0.0,0.0,0.0,0.0,0.0,0.0,0.0,0.0,0.0,1.059E-9,0.0,0.002173,17.8,0.528,0.04618,0.1435,0.0,0.0,0.0,0.0,0.0,0.0,0.0,0.0,0.0,0.0,0.0,0.0,0.0,0.0,0.0,0.0,0.0,0.0,1.0,0.0,0.0,0.0,0.0,0.0,0.0,0.0,0.0,2.33E-22,10720.0,361.5,165.4,34.31,5478.0,129.3,45.82,35.45,22.98,42.88,0.0,0.0,0.0,0.0,0.0,0.0,0.0,0.0,0.0,0.0,0.0,0.0,0.0,0.0,0.0,0.0,0.0,0.0,0.0,0.0,0.0,0.0,0.0,0.0,0.0,0.0,0.0,0.0,0.0,0.0,0.0,0.0,0.0,0.0,0.0,0.0,0.0,0.0,0.0,0.0,0.0,0.0,0.0,0.0,0.0,0.0,1.0E-4,11700.0,9.551999999999999E25,60030.0,20720.0,8170.0,1548000.0,24930.0,11160.0,10480.0,6102.0,10280.0,0.0,0.001692,23.68,1.796,0.115,0.4467,0.0,0.0,0.0,0.0,0.0,0.0,1776.0,204.5,3.782,0.328,0.563,0.0,0.0,0.0,0.0,0.0,17.38,48.29,2167.0,1216.0,991.1,251.3,14.87,20.63,13.33,6.192,30.63,0.0,0.0,0.0,0.0,0.0,0.0,0.0,0.0,0.0,0.0,0.0,0.0,4.807E-4,3.7E-4,3.335E-6,4.532E-7,4.724E-7,0.0,0.0,0.0,0.0,0.0,0.0,38.9,0.0,0.0,0.0,0.0,0.0,0.0,0.0,0.0,0.0,
0.0,0.0,0.0,0.0,0.0,0.0,0.0,0.0,0.0,0.0,0.0,0.0,0.0,0.0,0.0,0.0,0.0,0.0,0.0,0.0,0.0,0.0,5.854E-9,0.0,0.002832,31.39,0.8673,0.06019,0.0979,0.0,0.0,0.0,0.0,0.0,0.0,0.0,0.0,0.0,0.0,0.0,0.0,0.0,0.0,0.0,0.0,0.0,0.0,1.0,0.0,0.0,0.0,0.0,0.0,0.0,0.0,0.0,2.33E-22,10720.0,408.9,129.7,34.04,5473.0,129.6,46.06,36.08,23.53,43.32,0.0,0.0,0.0,0.0,0.0,0.0,0.0,0.0,0.0,0.0,0.0,0.0,0.0,0.0,0.0,0.0,0.0,0.0,0.0,0.0,0.0,0.0,0.0,0.0,0.0,0.0,0.0,0.0,0.0,0.0,0.0,0.0,0.0,0.0,0.0,0.0,0.0,0.0,0.0,0.0,0.0,0.0,0.0,0.0,0.0,0.0,1.0E-4,11700.0,9.551999999999999E25,73430.0,25350.0,10030.0,1893000.0,30770.0,13680.0,12500.0,7468.0,12600.0,0.0,0.002051,69.31,4.12,0.2137,0.6685,0.0,0.0,0.0,0.0,0.0,0.0,1764.0,152.4,7.123,0.2625,0.3458,0.0,0.0,0.0,0.0,0.0,17.38,67.99,2159.0,1215.0,988.0,250.9,14.9,20.6,13.32,6.204,30.64,0.0,0.0,0.0,0.0,0.0,0.0,0.0,0.0,0.0,0.0,0.0,0.0,7.814E-4,5.679E-4,1.733E-5,8.167E-7,4.885E-7,0.0,0.0,0.0,0.0,0.0,0.0,50.7,0.0,0.0,0.0,0.0,0.0,0.0,0.0,0.0,0.0,
0.0,0.0,0.0,0.0,0.0,0.0,0.0,0.0,0.0,0.0,0.0,0.0,0.0,0.0,0.0,0.0,0.0,0.0,0.0,0.0,0.0,0.0,1.327E-8,0.0,0.00365,26.51,1.733,0.06808,0.05977,0.0,0.0,0.0,0.0,0.0,0.0,0.0,0.0,0.0,0.0,0.0,0.0,0.0,0.0,0.0,0.0,0.0,0.0,1.0,0.0,0.0,0.0,0.0,0.0,0.0,0.0,0.0,2.33E-22,10720.0,467.4,75.4,35.66,5474.0,129.6,46.06,36.09,23.54,43.32,0.0,0.0,0.0,0.0,0.0,0.0,0.0,0.0,0.0,0.0,0.0,0.0,0.0,0.0,0.0,0.0,0.0,0.0,0.0,0.0,0.0,0.0,0.0,0.0,0.0,0.0,0.0,0.0,0.0,0.0,0.0,0.0,0.0,0.0,0.0,0.0,0.0,0.0,0.0,0.0,0.0,0.0,0.0,0.0,0.0,0.0,1.0E-4,11700.0,9.551999999999999E25,82030.0,28000.0,11160.0,2150000.0,34300.0,15290.0,13950.0,8251.0,14040.0,0.0,0.002419,110.6,10.89,0.3179,0.8022,0.0,0.0,0.0,0.0,0.0,0.0,1750.0,97.92,11.84,0.1912,0.2085,0.0,0.0,0.0,0.0,0.0,17.38,82.66,2148.0,1225.0,987.8,250.8,14.9,20.58,13.29,6.207,30.64,0.0,0.0,0.0,0.0,0.0,0.0,0.0,0.0,0.0,0.0,0.0,0.0,0.00123,7.065E-4,6.847E-5,1.78E-6,4.896E-7,0.0,0.0,0.0,0.0,0.0,0.0,65.34,0.0,0.0,0.0,0.0,0.0,0.0,0.0,0.0,0.0,
0.0,0.0,0.0,0.0,0.0,0.0,0.0,0.0,0.0,0.0,0.0,0.0,0.0,0.0,0.0,0.0,0.0,0.0,0.0,0.0,0.0,0.0,1.965E-8,0.0,0.004137,17.97,1.69,0.03796,0.03612,0.0,0.0,0.0,0.0,0.0,0.0,0.0,0.0,0.0,0.0,0.0,0.0,0.0,0.0,0.0,0.0,0.0,0.0,1.0,0.0,0.0,0.0,0.0,0.0,0.0,0.0,0.0,2.33E-22,10720.0,467.3,76.23,35.61,5476.0,129.5,45.71,36.06,23.47,43.08,0.0,0.0,0.0,0.0,0.0,0.0,0.0,0.0,0.0,0.0,0.0,0.0,0.0,0.0,0.0,0.0,0.0,0.0,0.0,0.0,0.0,0.0,0.0,0.0,0.0,0.0,0.0,0.0,0.0,0.0,0.0,0.0,0.0,0.0,0.0,0.0,0.0,0.0,0.0,0.0,0.0,0.0,0.0,0.0,0.0,0.0,1.0E-4,11700.0,9.551999999999999E25,89530.0,30710.0,12090.0,2363000.0,37740.0,16590.0,15140.0,8966.0,15270.0,0.0,0.002605,146.6,11.68,0.3804,0.8839,0.0,0.0,0.0,0.0,0.0,0.0,1741.0,64.19,8.812,0.1226,0.1267,0.0,0.0,0.0,0.0,0.0,17.38,102.4,2138.0,1221.0,989.8,250.8,15.15,20.5,13.26,6.191,30.6,0.0,0.0,0.0,0.0,0.0,0.0,0.0,0.0,0.0,0.0,0.0,0.0,0.001533,8.466E-4,1.604E-4,1.911E-6,4.876E-7,0.0,0.0,0.0,0.0,0.0,0.0,74.07,0.0,0.0,0.0,0.0,0.0,0.0,0.0,0.0,0.0,
0.0,0.0,0.0,0.0,0.0,0.0,0.0,0.0,0.0,0.0,0.0,0.0,0.0,0.0,0.0,0.0,0.0,0.0,0.0,0.0,0.0,0.0,2.411E-8,0.0,0.1108,11.98,1.079,0.03068,0.02272,0.0,0.0,0.0,0.0,0.0,0.0,0.0,0.0,0.0,0.0,0.0,0.0,0.0,0.0,0.0,0.0,0.0,0.0,1.0,0.0,0.0,0.0,0.0,0.0,0.0,0.0,0.0,2.33E-22,10720.0,465.9,78.1,37.65,5492.0,112.2,45.57,35.67,23.34,42.66,0.0,0.0,0.0,0.0,0.0,0.0,0.0,0.0,0.0,0.0,0.0,0.0,0.0,0.0,0.0,0.0,0.0,0.0,0.0,0.0,0.0,0.0,0.0,0.0,0.0,0.0,0.0,0.0,0.0,0.0,0.0,0.0,0.0,0.0,0.0,0.0,0.0,0.0,0.0,0.0,0.0,0.0,0.0,0.0,0.0,0.0,1.0E-4,11700.0,9.551999999999999E25,98310.0,30580.0,12720.0,2512000.0,41350.0,17400.0,15710.0,9386.0,15820.0,0.0,0.42,168.3,12.82,0.4322,0.9342,0.0,0.0,0.0,0.0,0.0,0.0,1730.0,41.17,4.805,0.08315,0.07761,0.0,0.0,0.0,0.0,0.0,17.38,134.4,2106.0,1240.0,993.0,238.4,15.36,20.5,13.25,6.207,30.64,0.0,0.0,0.0,0.0,0.0,0.0,0.0,0.0,0.0,0.0,0.0,0.0,0.01912,9.721E-4,8.827E-5,2.816E-6,5.645E-7,0.0,0.0,0.0,0.0,0.0,0.0,85.64,0.0,0.0,0.0,0.0,0.0,0.0,0.0,0.0,0.0,
0.0,0.0,0.0,0.0,0.0,0.0,0.0,0.0,0.0,0.0,0.0,0.0,0.0,0.0,0.0,0.0,0.0,0.0,0.0,0.0,0.0,0.0,2.709E-8,0.0,0.1224,7.464,1.026,0.02152,0.01373,0.0,0.0,0.0,0.0,0.0,0.0,0.0,0.0,0.0,0.0,0.0,0.0,0.0,0.0,0.0,0.0,0.0,0.0,1.0,0.0,0.0,0.0,0.0,0.0,0.0,0.0,0.0,2.33E-22,10720.0,467.8,74.53,37.47,5510.0,110.8,43.89,32.69,20.15,42.65,0.0,0.0,0.0,0.0,0.0,0.0,0.0,0.0,0.0,0.0,0.0,0.0,0.0,0.0,0.0,0.0,0.0,0.0,0.0,0.0,0.0,0.0,0.0,0.0,0.0,0.0,0.0,0.0,0.0,0.0,0.0,0.0,0.0,0.0,0.0,0.0,0.0,0.0,0.0,0.0,0.0,0.0,0.0,0.0,0.0,0.0,1.0E-4,11700.0,9.551999999999999E25,104200.0,29540.0,13200.0,2637000.0,41480.0,18210.0,15330.0,10230.0,17030.0,0.0,0.5675,170.6,27.74,0.2806,0.1413,0.0,0.0,0.0,0.0,0.0,0.0,1695.0,51.65,4.927,0.04351,0.008238,0.0,0.0,0.0,0.0,0.0,17.38,163.6,2066.0,1273.0,978.2,232.9,15.24,21.07,12.48,6.077,30.65,0.0,0.0,0.0,0.0,0.0,0.0,0.0,0.0,0.0,0.0,0.0,0.0,0.06646,0.001309,9.319E-5,3.298E-6,5.941E-7,0.0,0.0,0.0,0.0,0.0,0.0,94.22,8.405E-23,0.0,0.0,0.0,0.0,0.0,0.0,0.0,0.0,
0.0,0.0,0.0,0.0,0.0,0.0,0.0,0.0,0.0,0.0,0.0,0.0,0.0,0.0,0.0,0.0,0.0,0.0,0.0,0.0,0.0,0.0,2.905E-8,0.0,0.3927,4.739,0.7741,0.006653,0.002568,0.0,0.0,0.0,0.0,0.0,0.0,0.0,0.0,0.0,0.0,0.0,0.0,0.0,0.0,0.0,0.0,0.0,0.0,0.9249,0.07513,0.0,0.0,0.0,0.0,0.0,0.0,0.0,2.3289999999999998E-22,10720.0,473.4,77.37,37.56,5490.0,111.6,44.71,34.61,33.12,47.86,0.0,0.0,0.0,0.0,0.0,0.0,0.0,0.0,0.0,0.0,0.0,0.0,0.0,0.0,0.0,0.0,0.0,0.0,0.0,0.0,0.0,0.0,0.0,0.0,0.0,0.0,0.0,0.0,0.0,0.0,0.0,0.0,0.0,0.0,0.0,0.0,0.0,0.0,0.0,0.0,0.0,0.0,0.0,0.0,0.0,0.0,1.0E-4,11700.0,9.551999999999999E25,108700.0,30990.0,13700.0,2733000.0,42510.0,18920.0,16500.0,15040.0,19510.0,0.0,7.088,168.4,32.46,0.1219,0.1445,0.0,0.0,0.0,0.0,0.0,0.0,1685.0,40.52,3.425,0.01166,0.005014,0.0,0.0,0.0,0.0,0.0,17.38,246.8,2035.0,1240.0,968.6,230.4,15.29,20.86,12.79,6.473,30.82,0.0,0.0,0.0,0.0,0.0,0.0,0.0,0.0,0.0,0.0,0.0,0.0,1.298,0.001427,1.145E-4,3.058E-6,5.919E-7,0.0,0.0,0.0,0.0,0.0,0.0,105.5,8.422999999999999E-23,0.0,0.0,0.0,0.0,0.0,0.0,0.0,0.0,
0.0,0.0,0.0,0.0,0.0,0.0,0.0,0.0,0.0,0.0,0.0,0.0,0.0,0.0,0.0,0.0,0.0,0.0,0.0,0.0,0.0,0.0,3.035E-8,0.0,0.3933,4.421,0.5617,0.003064,0.003989,0.0,0.0,0.0,0.0,0.0,0.0,0.0,0.0,0.0,0.0,0.0,0.0,0.0,0.0,0.0,0.0,0.0,0.0,0.9249,0.07513,0.0,0.0,0.0,0.0,0.0,0.0,0.0,2.3289999999999998E-22,10720.0,478.6,75.72,37.62,5496.0,111.7,44.74,34.65,33.15,47.92,0.0,0.0,0.0,0.0,0.0,0.0,0.0,0.0,0.0,0.0,0.0,0.0,0.0,0.0,0.0,0.0,0.0,0.0,0.0,0.0,0.0,0.0,0.0,0.0,0.0,0.0,0.0,0.0,0.0,0.0,0.0,0.0,0.0,0.0,0.0,0.0,0.0,0.0,0.0,0.0,0.0,0.0,0.0,0.0,0.0,0.0,1.0E-4,11700.0,9.551999999999999E25,111800.0,31630.0,14020.0,2811000.0,42830.0,19230.0,17130.0,15210.0,20070.0,0.0,6.039,177.3,31.82,0.1321,0.1729,0.0,0.0,0.0,0.0,0.0,0.0,1674.0,33.14,2.34,0.007569,0.004636,0.0,0.0,0.0,0.0,0.0,17.38,259.1,2022.0,1250.0,968.4,229.4,15.29,20.36,13.23,6.471,30.81,0.0,0.0,0.0,0.0,0.0,0.0,0.0,0.0,0.0,0.0,0.0,0.0,2.348,0.001504,1.33E-4,3.126E-6,8.93E-7,0.0,0.0,0.0,0.0,0.0,0.0,116.7,8.422E-23,0.0,0.0,0.0,0.0,0.0,0.0,0.0,0.0,
0.0,0.0,0.0,0.0,0.0,0.0,0.0,0.0,0.0,0.0,0.0,0.0,0.0,0.0,0.0,0.0,0.0,0.0,0.0,0.0,0.0,0.0,3.154E-8,0.0,0.4457,4.497,1.016,0.001409,0.001087,0.0,0.0,0.0,0.0,0.0,0.0,0.0,0.0,0.0,0.0,0.0,0.0,0.0,0.0,0.0,0.0,0.0,0.0,0.9249,0.07513,0.0,0.0,0.0,0.0,0.0,0.0,0.0,2.3289999999999998E-22,10720.0,475.3,76.02,36.73,5497.0,111.5,44.61,34.31,32.9,47.66,0.0,0.0,0.0,0.0,0.0,0.0,0.0,0.0,0.0,0.0,0.0,0.0,0.0,0.0,0.0,0.0,0.0,0.0,0.0,0.0,0.0,0.0,0.0,0.0,0.0,0.0,0.0,0.0,0.0,0.0,0.0,0.0,0.0,0.0,0.0,0.0,0.0,0.0,0.0,0.0,0.0,0.0,0.0,0.0,0.0,0.0,1.0E-4,11700.0,9.551999999999999E25,112100.0,31860.0,13960.0,2868000.0,43230.0,19600.0,17320.0,15290.0,20460.0,0.0,10.17,179.6,34.07,0.135,0.1748,0.0,0.0,0.0,0.0,0.0,0.0,1671.0,19.94,6.329,0.004667,0.002819,0.0,0.0,0.0,0.0,0.0,17.38,340.7,2019.0,1177.0,961.7,227.6,15.26,20.35,13.23,6.45,30.81,0.0,0.0,0.0,0.0,0.0,0.0,0.0,0.0,0.0,0.0,0.0,0.0,2.585,0.001524,2.335E-4,3.127E-6,8.891E-7,0.0,0.0,0.0,0.0,0.0,0.0,119.5,8.084999999999999E-23,3.358E-24,0.0,0.0,0.0,0.0,0.0,0.0,0.0,
0.0,0.0,0.0,0.0,0.0,0.0,0.0,0.0,0.0,0.0,0.0,0.0,0.0,0.0,0.0,0.0,0.0,0.0,0.0,0.0,0.0,0.0,3.277E-8,0.0,0.4883,3.518,1.092,5.032E-4,5.027E-4,0.0,0.0,0.0,0.0,0.0,0.0,0.0,0.0,0.0,0.0,0.0,0.0,0.0,0.0,0.0,0.0,0.0,0.0,0.9249,0.07513,0.0,0.0,0.0,0.0,0.0,0.0,0.0,2.3289999999999998E-22,11040.0,186.2,61.6,29.33,5500.0,111.6,44.72,34.57,33.12,47.87,0.0,0.0,0.0,0.0,0.0,0.0,0.0,0.0,0.0,0.0,0.0,0.0,0.0,0.0,0.0,0.0,0.0,0.0,0.0,0.0,0.0,0.0,0.0,0.0,0.0,0.0,0.0,0.0,0.0,0.0,0.0,0.0,0.0,0.0,0.0,0.0,0.0,0.0,0.0,0.0,0.0,0.0,0.0,0.0,0.0,0.0,1.0E-4,11700.0,9.551999999999999E25,110500.0,31960.0,14300.0,2914000.0,43440.0,19970.0,17590.0,15490.0,20870.0,0.0,11.18,183.3,37.29,0.1071,0.1743,0.0,0.0,0.0,0.0,0.0,0.0,1528.0,156.4,5.125,0.001791,0.001639,0.0,0.0,0.0,0.0,0.0,17.38,411.9,1959.0,1170.0,954.1,229.8,15.0,20.45,13.09,6.526,30.83,0.0,0.0,0.0,0.0,0.0,0.0,0.0,0.0,0.0,0.0,0.0,0.0,2.585,0.001484,3.537E-4,1.035E-6,7.401E-7,0.0,0.0,0.0,0.0,0.0,0.0,119.5,6.543999999999999E-22,3.358E-24,0.0,0.0,0.0,0.0,0.0,0.0,0.0,
0.0,0.0,0.0,0.0,0.0,0.0,0.0,0.0,0.0,0.0,0.0,0.0,0.0,0.0,0.0,0.0,0.0,0.0,0.0,0.0,0.0,0.0,3.372E-8,0.0,0.5321,2.719,1.042,3.025E-4,2.9E-4,0.0,0.0,0.0,0.0,0.0,0.0,0.0,0.0,0.0,0.0,0.0,0.0,0.0,0.0,0.0,0.0,0.0,0.0,0.9249,0.07513,0.0,0.0,0.0,0.0,0.0,0.0,0.0,2.3289999999999998E-22,11040.0,189.2,61.56,29.27,5494.0,111.6,44.69,34.52,33.11,47.8,0.0,0.0,0.0,0.0,0.0,0.0,0.0,0.0,0.0,0.0,0.0,0.0,0.0,0.0,0.0,0.0,0.0,0.0,0.0,0.0,0.0,0.0,0.0,0.0,0.0,0.0,0.0,0.0,0.0,0.0,0.0,0.0,0.0,0.0,0.0,0.0,0.0,0.0,0.0,0.0,0.0,0.0,0.0,0.0,0.0,0.0,1.0E-4,11700.0,9.551999999999999E25,112000.0,32040.0,14450.0,2949000.0,43610.0,20260.0,17730.0,15630.0,21110.0,0.0,21.27,178.0,37.71,0.1078,0.175,0.0,0.0,0.0,0.0,0.0,0.0,1526.0,148.8,4.57,0.001099,9.963E-4,0.0,0.0,0.0,0.0,0.0,17.38,435.9,1946.0,1164.0,952.2,229.8,15.01,20.56,12.91,6.616,30.83,0.0,0.0,0.0,0.0,0.0,0.0,0.0,0.0,0.0,0.0,0.0,0.0,3.418,0.05087,7.026E-4,1.039E-6,7.357E-7,0.0,0.0,0.0,0.0,0.0,0.0,122.0,6.556999999999999E-22,3.7799999999999996E-24,0.0,0.0,0.0,0.0,0.0,0.0,0.0,
0.0,0.0,0.0,0.0,0.0,0.0,0.0,0.0,0.0,0.0,0.0,0.0,0.0,0.0,0.0,0.0,0.0,0.0,0.0,0.0,0.0,0.0,3.474E-8,0.0,0.5494,6.063,1.631,0.004883,1.741E-4,0.0,0.0,0.0,0.0,0.0,0.0,0.0,0.0,0.0,0.0,0.0,0.0,0.0,0.0,0.0,0.0,0.0,0.0,0.9249,0.07513,0.0,0.0,0.0,0.0,0.0,0.0,0.0,2.3289999999999998E-22,11040.0,189.3,61.43,29.27,5495.0,111.6,44.69,34.52,33.11,47.8,0.0,0.0,0.0,0.0,0.0,0.0,0.0,0.0,0.0,0.0,0.0,0.0,0.0,0.0,0.0,0.0,0.0,0.0,0.0,0.0,0.0,0.0,0.0,0.0,0.0,0.0,0.0,0.0,0.0,0.0,0.0,0.0,0.0,0.0,0.0,0.0,0.0,0.0,0.0,0.0,0.0,0.0,0.0,0.0,0.0,0.0,1.0E-4,11700.0,9.551999999999999E25,112900.0,32100.0,14590.0,2978000.0,43800.0,20480.0,17960.0,15640.0,21330.0,0.0,29.55,175.3,40.92,0.1224,0.1753,0.0,0.0,0.0,0.0,0.0,0.0,1518.0,128.8,13.22,0.01188,6.055E-4,0.0,0.0,0.0,0.0,0.0,17.38,503.9,1839.0,1209.0,954.9,229.8,15.04,20.56,12.96,6.474,30.85,0.0,0.0,0.0,0.0,0.0,0.0,0.0,0.0,0.0,0.0,0.0,0.0,5.827,0.05093,0.001476,1.848E-5,7.328E-7,0.0,0.0,0.0,0.0,0.0,0.0,129.6,6.522999999999999E-22,6.133E-24,4.782E-25,0.0,0.0,0.0,0.0,0.0,0.0,
0.0,0.0,0.0,0.0,0.0,0.0,0.0,0.0,0.0,0.0,0.0,0.0,0.0,0.0,0.0,0.0,0.0,0.0,0.0,0.0,0.0,0.0,3.686E-8,0.0,0.5501,15.24,2.434,0.07819,1.986E-4,0.0,0.0,0.0,0.0,0.0,0.0,0.0,0.0,0.0,0.0,0.0,0.0,0.0,0.0,0.0,0.0,0.0,0.0,0.4708,0.5292,0.0,0.0,0.0,0.0,0.0,0.0,0.0,2.3289999999999998E-22,11040.0,189.2,66.26,29.64,5467.0,112.9,45.37,34.62,33.28,47.9,0.0,0.0,0.0,0.0,0.0,0.0,0.0,0.0,0.0,0.0,0.0,0.0,0.0,0.0,0.0,0.0,0.0,0.0,0.0,0.0,0.0,0.0,0.0,0.0,0.0,0.0,0.0,0.0,0.0,0.0,0.0,0.0,0.0,0.0,0.0,0.0,0.0,0.0,0.0,0.0,0.0,0.0,0.0,0.0,0.0,0.0,1.0E-4,11700.0,9.551999999999999E25,113500.0,33860.0,15590.0,2994000.0,44530.0,20930.0,18180.0,15640.0,21710.0,0.0,24.18,190.9,48.54,0.7315,0.2998,0.0,0.0,0.0,0.0,0.0,0.0,1505.0,104.9,10.83,0.7489,6.747E-4,0.0,0.0,0.0,0.0,0.0,17.38,530.5,1834.0,1201.0,957.8,225.4,15.09,20.44,13.0,6.465,30.89,0.0,0.0,0.0,0.0,0.0,0.0,0.0,0.0,0.0,0.0,0.0,0.0,11.19,0.05064,0.002692,2.406E-4,7.093E-7,0.0,0.0,0.0,0.0,0.0,0.0,142.2,6.46E-22,1.013E-23,3.075E-24,0.0,0.0,0.0,0.0,0.0,0.0,
0.0,0.0,0.0,0.0,0.0,0.0,0.0,0.0,0.0,0.0,0.0,0.0,0.0,0.0,0.0,0.0,0.0,0.0,0.0,0.0,0.0,0.0,4.103E-8,0.0,0.5505,17.64,2.408,0.1249,1.146E-4,0.0,0.0,0.0,0.0,0.0,0.0,0.0,0.0,0.0,0.0,0.0,0.0,0.0,0.0,0.0,0.0,0.0,0.0,0.4708,0.5292,0.0,0.0,0.0,0.0,0.0,0.0,0.0,2.3289999999999998E-22,11040.0,175.7,66.86,27.53,5497.0,99.58,43.11,36.72,32.17,47.26,0.0,0.0,0.0,0.0,0.0,0.0,0.0,0.0,0.0,0.0,0.0,0.0,0.0,0.0,0.0,0.0,0.0,0.0,0.0,0.0,0.0,0.0,0.0,0.0,0.0,0.0,0.0,0.0,0.0,0.0,0.0,0.0,0.0,0.0,0.0,0.0,0.0,0.0,0.0,0.0,0.0,0.0,0.0,0.0,0.0,0.0,1.0E-4,11700.0,9.551999999999999E25,106800.0,34090.0,14630.0,3011000.0,39490.0,20210.0,20180.0,15250.0,21520.0,0.0,21.45,221.1,50.15,0.9592,0.3001,0.0,0.0,0.0,0.0,0.0,0.0,1498.0,73.99,9.851,0.5493,4.101E-4,0.0,0.0,0.0,0.0,0.0,17.38,653.5,1725.0,1205.0,945.5,227.9,15.1,20.33,13.14,6.47,30.89,0.0,0.0,0.0,0.0,0.0,0.0,0.0,0.0,0.0,0.0,0.0,0.0,13.93,0.05036,0.004639,2.518E-4,7.037E-7,0.0,0.0,0.0,0.0,0.0,0.0,149.7,6.418999999999999E-22,1.418E-23,3.172E-24,0.0,0.0,0.0,0.0,0.0,0.0,
0.0,0.0,0.0,0.0,0.0,0.0,0.0,0.0,0.0,0.0,0.0,0.0,0.0,0.0,0.0,0.0,0.0,0.0,0.0,0.0,0.0,0.0,4.549E-8,0.0,0.5764,14.04,1.45,0.12,6.899E-5,0.0,0.0,0.0,0.0,0.0,0.0,0.0,0.0,0.0,0.0,0.0,0.0,0.0,0.0,0.0,0.0,0.0,0.0,0.4708,0.5292,0.0,0.0,0.0,0.0,0.0,0.0,0.0,2.3289999999999998E-22,11050.0,172.0,61.57,27.64,5508.0,96.56,42.99,36.67,32.15,47.25,0.0,0.0,0.0,0.0,0.0,0.0,0.0,0.0,0.0,0.0,0.0,0.0,0.0,0.0,0.0,0.0,0.0,0.0,0.0,0.0,0.0,0.0,0.0,0.0,0.0,0.0,0.0,0.0,0.0,0.0,0.0,0.0,0.0,0.0,0.0,0.0,0.0,0.0,0.0,0.0,0.0,0.0,0.0,0.0,0.0,0.0,1.0E-4,11690.0,9.551999999999999E25,104000.0,31960.0,14530.0,3016000.0,39480.0,21020.0,20570.0,15610.0,21670.0,0.0,30.57,240.8,47.21,1.131,0.3003,0.0,0.0,0.0,0.0,0.0,0.0,1394.0,151.2,6.476,0.5373,2.492E-4,0.0,0.0,0.0,0.0,0.0,17.38,687.6,1687.0,1228.0,945.6,212.0,15.06,20.3,12.62,7.045,30.91,0.0,0.0,0.0,0.0,0.0,0.0,0.0,0.0,0.0,0.0,0.0,0.0,14.72,0.1179,0.004464,4.124E-4,7.023E-7,0.0,0.0,0.0,0.0,0.0,0.0,152.1,1.2E-21,2.124E-23,4.44E-24,0.0,0.0,0.0,0.0,0.0,0.0,
0.0,0.0,0.0,0.0,0.0,0.0,0.0,0.0,0.0,0.0,0.0,0.0,0.0,0.0,0.0,0.0,0.0,0.0,0.0,0.0,0.0,0.0,4.911E-8,0.0,0.8333,10.99,1.062,0.09384,4.183E-5,0.0,0.0,0.0,0.0,0.0,0.0,0.0,0.0,0.0,0.0,0.0,0.0,0.0,0.0,0.0,0.0,0.0,0.0,0.0,1.0,0.0,0.0,0.0,0.0,0.0,0.0,0.0,2.3289999999999998E-22,11050.0,181.1,65.13,27.6,5497.0,96.53,42.9,33.91,34.85,47.24,0.0,0.0,0.0,0.0,0.0,0.0,0.0,0.0,0.0,0.0,0.0,0.0,0.0,0.0,0.0,0.0,0.0,0.0,0.0,0.0,0.0,0.0,0.0,0.0,0.0,0.0,0.0,0.0,0.0,0.0,0.0,0.0,0.0,0.0,0.0,0.0,0.0,0.0,0.0,0.0,0.0,0.0,0.0,0.0,0.0,0.0,1.0E-4,11690.0,9.551999999999999E25,106700.0,33670.0,14440.0,3013000.0,38980.0,20850.0,20610.0,16920.0,21940.0,0.0,36.41,256.8,47.03,1.279,0.3004,0.0,0.0,0.0,0.0,0.0,0.0,1337.0,188.4,4.108,0.3504,1.515E-4,0.0,0.0,0.0,0.0,0.0,17.38,991.0,1616.0,1012.0,927.4,213.3,15.06,20.29,12.7,6.983,30.91,0.0,0.0,0.0,0.0,0.0,0.0,0.0,0.0,0.0,0.0,0.0,0.0,14.72,0.1755,0.004893,3.543E-4,7.016E-7,0.0,0.0,0.0,0.0,0.0,0.0,152.1,1.594E-21,1.69E-23,3.789E-24,0.0,0.0,0.0,0.0,0.0,0.0,
0.0,0.0,0.0,0.0,0.0,0.0,0.0,0.0,0.0,0.0,0.0,0.0,0.0,0.0,0.0,0.0,0.0,0.0,0.0,0.0,0.0,0.0,5.227E-8,0.0,1.059,15.99,0.5604,0.06545,3.091E-5,0.0,0.0,0.0,0.0,0.0,0.0,0.0,0.0,0.0,0.0,0.0,0.0,0.0,0.0,0.0,0.0,0.0,0.0,0.0,1.0,0.0,0.0,0.0,0.0,0.0,0.0,0.0,2.3289999999999998E-22,11050.0,191.9,66.94,29.01,5477.0,97.69,47.06,34.33,37.11,47.66,0.0,0.0,0.0,0.0,0.0,0.0,0.0,0.0,0.0,0.0,0.0,0.0,0.0,0.0,0.0,0.0,0.0,0.0,0.0,0.0,0.0,0.0,0.0,0.0,0.0,0.0,0.0,0.0,0.0,0.0,0.0,0.0,0.0,0.0,0.0,0.0,0.0,0.0,0.0,0.0,0.0,0.0,0.0,0.0,0.0,0.0,1.0E-4,11690.0,9.551999999999999E25,109700.0,34500.0,14940.0,3008000.0,39140.0,22520.0,20400.0,17780.0,22210.0,0.0,72.63,257.7,37.1,1.352,0.1098,0.0,0.0,0.0,0.0,0.0,0.0,1338.0,160.1,3.109,0.2331,3.869E-5,0.0,0.0,0.0,0.0,0.0,17.38,1198.0,1510.0,911.5,927.0,212.0,15.19,20.33,12.9,6.82,30.92,0.0,0.0,0.0,0.0,0.0,0.0,0.0,0.0,0.0,0.0,0.0,0.0,14.72,0.1752,0.006385,3.555E-4,7.043E-7,0.0,0.0,0.0,0.0,0.0,0.0,152.1,1.58E-21,2.207E-23,3.785E-24,0.0,0.0,0.0,0.0,0.0,0.0,
0.0,0.0,0.0,0.0,0.0,0.0,0.0,0.0,0.0,0.0,0.0,0.0,0.0,0.0,0.0,0.0,0.0,0.0,0.0,0.0,0.0,0.0,5.654E-8,0.0,1.105,22.0,0.7267,0.04504,8.539E-6,0.0,0.0,0.0,0.0,0.0,0.0,0.0,0.0,0.0,0.0,0.0,0.0,0.0,0.0,0.0,0.0,0.0,0.0,0.0,1.0,0.0,0.0,0.0,0.0,0.0,0.0,0.0,2.3289999999999998E-22,11060.0,199.7,69.36,29.38,5463.0,113.8,50.24,36.29,34.4,34.27,0.0,0.0,0.0,0.0,0.0,0.0,0.0,0.0,0.0,0.0,0.0,0.0,0.0,0.0,0.0,0.0,0.0,0.0,0.0,0.0,0.0,0.0,0.0,0.0,0.0,0.0,0.0,0.0,0.0,0.0,0.0,0.0,0.0,0.0,0.0,0.0,0.0,0.0,0.0,0.0,0.0,0.0,0.0,0.0,0.0,0.0,1.0E-4,11690.0,9.551999999999999E25,112900.0,35230.0,15000.0,3001000.0,47840.0,23400.0,20610.0,17900.0,19310.0,0.0,83.25,276.5,41.2,1.533,0.1098,0.0,0.0,0.0,0.0,0.0,0.0,1336.0,122.8,3.006,0.1613,2.351E-5,0.0,0.0,0.0,0.0,0.0,17.38,1213.0,1515.0,898.2,924.6,211.9,15.19,20.31,13.09,6.633,30.87,0.0,0.0,0.0,0.0,0.0,0.0,0.0,0.0,0.0,0.0,0.0,0.0,17.58,0.1718,0.008862,3.887E-4,6.994E-7,0.0,0.0,0.0,0.0,0.0,0.0,154.3,1.548E-21,3.551E-23,4.1699999999999996E-24,0.0,0.0,0.0,0.0,0.0,0.0,
0.0,0.0,0.0,0.0,0.0,0.0,0.0,0.0,0.0,0.0,0.0,0.0,0.0,0.0,0.0,0.0,0.0,0.0,0.0,0.0,0.0,0.0,6.188E-8,0.0,1.342,20.97,0.6396,0.02903,4.147E-6,0.0,0.0,0.0,0.0,0.0,0.0,0.0,0.0,0.0,0.0,0.0,0.0,0.0,0.0,0.0,0.0,0.0,0.0,0.0,1.0,0.0,0.0,0.0,0.0,0.0,0.0,0.0,2.3289999999999998E-22,11060.0,204.8,69.26,29.43,5465.0,113.8,50.26,36.3,34.24,34.43,0.0,0.0,0.0,0.0,0.0,0.0,0.0,0.0,0.0,0.0,0.0,0.0,0.0,0.0,0.0,0.0,0.0,0.0,0.0,0.0,0.0,0.0,0.0,0.0,0.0,0.0,0.0,0.0,0.0,0.0,0.0,0.0,0.0,0.0,0.0,0.0,0.0,0.0,0.0,0.0,0.0,0.0,0.0,0.0,0.0,0.0,1.0E-4,11690.0,9.551999999999999E25,112700.0,35160.0,14970.0,3009000.0,46680.0,23440.0,20340.0,17730.0,20090.0,0.0,86.29,302.7,45.63,1.559,0.1098,0.0,0.0,0.0,0.0,0.0,0.0,1334.0,85.13,2.705,0.1023,1.429E-5,0.0,0.0,0.0,0.0,0.0,17.38,1343.0,1425.0,871.6,913.4,211.5,15.19,20.37,13.19,5.87,31.53,0.0,0.0,0.0,0.0,0.0,0.0,0.0,0.0,0.0,0.0,0.0,0.0,21.11,0.1689,0.009336,3.867E-4,6.98E-7,0.0,0.0,0.0,0.0,0.0,0.0,156.5,1.5290000000000001E-21,3.73E-23,4.132E-24,0.0,0.0,0.0,0.0,0.0,0.0,
0.0,0.0,0.0,0.0,0.0,0.0,0.0,0.0,0.0,0.0,0.0,0.0,0.0,0.0,0.0,0.0,0.0,0.0,0.0,0.0,0.0,0.0,6.692E-8,0.0,1.346,15.3,0.4748,0.01825,1.29E-5,0.0,0.0,0.0,0.0,0.0,0.0,0.0,0.0,0.0,0.0,0.0,0.0,0.0,0.0,0.0,0.0,0.0,0.0,0.0,1.0,0.0,0.0,0.0,0.0,0.0,0.0,0.0,2.3289999999999998E-22,11060.0,212.9,69.07,30.17,5462.0,105.6,52.59,39.21,37.9,34.44,0.0,0.0,0.0,0.0,0.0,0.0,0.0,0.0,0.0,0.0,0.0,0.0,0.0,0.0,0.0,0.0,0.0,0.0,0.0,0.0,0.0,0.0,0.0,0.0,0.0,0.0,0.0,0.0,0.0,0.0,0.0,0.0,0.0,0.0,0.0,0.0,0.0,0.0,0.0,0.0,0.0,0.0,0.0,0.0,0.0,0.0,1.0E-4,11690.0,9.551999999999999E25,120400.0,36580.0,15820.0,2997000.0,53210.0,23780.0,20620.0,18570.0,19460.0,0.0,80.89,331.3,45.73,1.585,0.05822,0.0,0.0,0.0,0.0,0.0,0.0,1330.0,55.79,1.865,0.06508,5.187E-6,0.0,0.0,0.0,0.0,0.0,17.38,1363.0,1418.0,872.9,913.3,208.7,15.12,20.37,13.1,5.915,31.55,0.0,0.0,0.0,0.0,0.0,0.0,0.0,0.0,0.0,0.0,0.0,0.0,27.8,0.169,0.01089,3.883E-4,6.159E-7,0.0,0.0,0.0,0.0,0.0,0.0,161.0,1.528E-21,3.718E-23,4.137E-24,0.0,0.0,0.0,0.0,0.0,0.0,
0.0,0.0,0.0,0.0,0.0,0.0,0.0,0.0,0.0,0.0,0.0,0.0,0.0,0.0,0.0,0.0,0.0,0.0,0.0,0.0,0.0,0.0,7.056E-8,0.0,1.536,9.872,0.3329,0.01159,3.083E-6,0.0,0.0,0.0,0.0,0.0,0.0,0.0,0.0,0.0,0.0,0.0,0.0,0.0,0.0,0.0,0.0,0.0,0.0,0.0,1.0,0.0,0.0,0.0,0.0,0.0,0.0,0.0,2.3289999999999998E-22,11060.0,207.7,69.05,30.22,5467.0,105.6,52.56,39.2,37.71,34.73,0.0,0.0,0.0,0.0,0.0,0.0,0.0,0.0,0.0,0.0,0.0,0.0,0.0,0.0,0.0,0.0,0.0,0.0,0.0,0.0,0.0,0.0,0.0,0.0,0.0,0.0,0.0,0.0,0.0,0.0,0.0,0.0,0.0,0.0,0.0,0.0,0.0,0.0,0.0,0.0,0.0,0.0,0.0,0.0,0.0,0.0,1.0E-4,11690.0,9.551999999999999E25,117600.0,35910.0,15780.0,3006000.0,50310.0,23880.0,20210.0,18740.0,19020.0,0.0,86.6,342.9,42.58,1.611,0.0699,0.0,0.0,0.0,0.0,0.0,0.0,1326.0,35.14,1.241,0.04145,4.112E-6,0.0,0.0,0.0,0.0,0.0,17.38,1458.0,1348.0,849.2,925.5,215.4,14.88,19.36,11.89,5.579,24.3,0.0,0.0,0.0,0.0,0.0,0.0,0.0,0.0,0.0,0.0,0.0,0.0,34.21,0.1662,0.01177,3.891E-4,7.021E-7,0.0,0.0,0.0,0.0,0.0,0.0,165.4,1.498E-21,2.656E-23,4.135E-24,0.0,0.0,0.0,0.0,0.0,0.0,
0.0,0.0,0.0,0.0,0.0,0.0,0.0,0.0,0.0,0.0,0.0,0.0,0.0,0.0,0.0,0.0,0.0,0.0,0.0,0.0,0.0,0.0,7.296E-8,0.0,1.56,6.152,0.2993,0.01665,8.919E-7,0.0,0.0,0.0,0.0,0.0,0.0,0.0,0.0,0.0,0.0,0.0,0.0,0.0,0.0,0.0,0.0,0.0,0.0,0.0,1.0,0.0,0.0,0.0,0.0,0.0,0.0,0.0,2.3289999999999998E-22,11060.0,206.2,72.34,30.09,5459.0,105.6,52.55,39.17,37.69,34.71,0.0,0.0,0.0,0.0,0.0,0.0,0.0,0.0,0.0,0.0,0.0,0.0,0.0,0.0,0.0,0.0,0.0,0.0,0.0,0.0,0.0,0.0,0.0,0.0,0.0,0.0,0.0,0.0,0.0,0.0,0.0,0.0,0.0,0.0,0.0,0.0,0.0,0.0,0.0,0.0,0.0,0.0,0.0,0.0,0.0,0.0,1.0E-4,11690.0,9.551999999999999E25,116500.0,35620.0,15830.0,3014000.0,48050.0,23930.0,20150.0,18680.0,18660.0,0.0,90.49,347.3,40.55,2.012,0.0699,0.0,0.0,0.0,0.0,0.0,0.0,1322.0,21.57,1.279,0.0924,2.499E-6,0.0,0.0,0.0,0.0,0.0,17.38,1476.0,1348.0,842.1,926.0,215.4,14.83,19.28,11.93,5.604,24.31,0.0,0.0,0.0,0.0,0.0,0.0,0.0,0.0,0.0,0.0,0.0,0.0,40.88,0.1645,0.01317,4.756E-4,7.014E-7,0.0,0.0,0.0,0.0,0.0,0.0,169.8,1.483E-21,2.986E-23,4.846E-24,0.0,0.0,0.0,0.0,0.0,0.0,
0.0,0.0,0.0,0.0,0.0,0.0,0.0,0.0,0.0,0.0,0.0,0.0,0.0,0.0,0.0,0.0,0.0,0.0,0.0,0.0,0.0,0.0,7.447E-8,0.0,1.718,3.668,0.2654,0.01571,4.418E-7,0.0,0.0,0.0,0.0,0.0,0.0,0.0,0.0,0.0,0.0,0.0,0.0,0.0,0.0,0.0,0.0,0.0,0.0,0.4708,0.5292,0.0,0.0,0.0,0.0,0.0,0.0,0.0,2.3289999999999998E-22,11060.0,210.2,72.38,29.79,5452.0,105.5,52.21,39.12,37.3,34.38,0.0,0.0,0.0,0.0,0.0,0.0,0.0,0.0,0.0,0.0,0.0,0.0,0.0,0.0,0.0,0.0,0.0,0.0,0.0,0.0,0.0,0.0,0.0,0.0,0.0,0.0,0.0,0.0,0.0,0.0,0.0,0.0,0.0,0.0,0.0,0.0,0.0,0.0,0.0,0.0,0.0,0.0,0.0,0.0,0.0,0.0,1.0E-4,11690.0,9.551999999999999E25,115300.0,35660.0,15790.0,3017000.0,46150.0,23850.0,20160.0,18450.0,18280.0,0.0,101.4,339.9,44.44,1.279,0.0699,0.0,0.0,0.0,0.0,0.0,0.0,1120.0,205.1,9.978,1.17,1.519E-6,0.0,0.0,0.0,0.0,0.0,17.38,1318.0,1495.0,851.7,925.9,215.1,14.82,19.22,12.16,5.467,24.27,0.0,0.0,0.0,0.0,0.0,0.0,0.0,0.0,0.0,0.0,0.0,0.0,40.89,0.6287,0.01537,0.001586,7.014E-7,0.0,0.0,0.0,0.0,0.0,0.0,169.8,2.906E-21,4.2069999999999997E-23,8.396999999999999E-24,0.0,0.0,0.0,0.0,0.0,0.0,
0.0,0.0,0.0,0.0,0.0,0.0,0.0,0.0,0.0,0.0,0.0,0.0,0.0,0.0,0.0,0.0,0.0,0.0,0.0,0.0,0.0,0.0,7.544E-8,0.0,1.718,3.329,0.7878,0.1086,2.58E-7,0.0,0.0,0.0,0.0,0.0,0.0,0.0,0.0,0.0,0.0,0.0,0.0,0.0,0.0,0.0,0.0,0.0,0.0,0.4708,0.5292,0.0,0.0,0.0,0.0,0.0,0.0,0.0,2.3289999999999998E-22,11060.0,214.8,71.73,29.58,5451.0,105.4,52.15,39.0,37.3,34.36,0.0,0.0,0.0,0.0,0.0,0.0,0.0,0.0,0.0,0.0,0.0,0.0,0.0,0.0,0.0,0.0,0.0,0.0,0.0,0.0,0.0,0.0,0.0,0.0,0.0,0.0,0.0,0.0,0.0,0.0,0.0,0.0,0.0,0.0,0.0,0.0,0.0,0.0,0.0,0.0,0.0,0.0,0.0,0.0,0.0,0.0,1.0E-4,11690.0,9.551999999999999E25,117400.0,35260.0,15730.0,3018000.0,44790.0,23880.0,19920.0,18520.0,18060.0,0.0,101.4,337.9,53.08,1.472,0.0699,0.0,0.0,0.0,0.0,0.0,0.0,1120.0,185.4,21.22,1.041,9.231E-7,0.0,0.0,0.0,0.0,0.0,17.38,1380.0,1467.0,821.7,919.9,214.9,14.85,19.2,11.76,5.772,24.28,0.0,0.0,0.0,0.0,0.0,0.0,0.0,0.0,0.0,0.0,0.0,0.0,40.89,0.8302,0.01873,0.00195,7.007E-7,0.0,0.0,0.0,0.0,0.0,0.0,169.8,2.905E-21,4.3429999999999996E-23,8.559E-24,0.0,0.0,0.0,0.0,0.0,0.0,
0.0,0.0,0.0,0.0,0.0,0.0,0.0,0.0,0.0,0.0,0.0,0.0,0.0,0.0,0.0,0.0,0.0,0.0,0.0,0.0,0.0,0.0,7.69E-8,0.0,2.082,10.62,2.986,0.1291,0.02438,0.0,0.0,0.0,0.0,0.0,0.0,0.0,0.0,0.0,0.0,0.0,0.0,0.0,0.0,0.0,0.0,0.0,0.0,0.4708,0.5292,0.0,0.0,0.0,0.0,0.0,0.0,0.0,2.3289999999999998E-22,11060.0,214.6,72.08,29.63,5453.0,105.5,52.17,39.01,37.33,34.38,0.0,0.0,0.0,0.0,0.0,0.0,0.0,0.0,0.0,0.0,0.0,0.0,0.0,0.0,0.0,0.0,0.0,0.0,0.0,0.0,0.0,0.0,0.0,0.0,0.0,0.0,0.0,0.0,0.0,0.0,0.0,0.0,0.0,0.0,0.0,0.0,0.0,0.0,0.0,0.0,0.0,0.0,0.0,0.0,0.0,0.0,1.0E-4,11690.0,9.551999999999999E25,117900.0,35340.0,15680.0,3018000.0,43740.0,23860.0,20150.0,18240.0,17920.0,0.0,86.37,352.9,58.24,1.546,0.1496,0.0,0.0,0.0,0.0,0.0,0.0,1106.0,175.6,17.02,0.9761,0.1383,0.0,0.0,0.0,0.0,0.0,17.38,1409.0,1471.0,810.4,920.3,215.0,14.82,19.21,12.57,5.022,24.25,0.0,0.0,0.0,0.0,0.0,0.0,0.0,0.0,0.0,0.0,0.0,0.0,55.85,0.8632,0.02171,0.002737,0.002006,0.0,0.0,0.0,0.0,0.0,0.0,177.2,2.9930000000000002E-21,4.2419999999999995E-23,1.022E-23,5.5839999999999996E-24,0.0,0.0,0.0,0.0,0.0,
0.0,0.0,0.0,0.0,0.0,0.0,0.0,0.0,0.0,0.0,0.0,0.0,0.0,0.0,0.0,0.0,0.0,0.0,0.0,0.0,0.0,0.0,8.06E-8,0.0,2.13,22.64,2.774,0.1326,0.02175,0.0,0.0,0.0,0.0,0.0,0.0,0.0,0.0,0.0,0.0,0.0,0.0,0.0,0.0,0.0,0.0,0.0,0.0,0.4708,0.5292,0.0,0.0,0.0,0.0,0.0,0.0,0.0,2.3289999999999998E-22,11060.0,214.7,72.1,29.66,5454.0,105.4,51.77,39.19,37.53,34.36,0.0,0.0,0.0,0.0,0.0,0.0,0.0,0.0,0.0,0.0,0.0,0.0,0.0,0.0,0.0,0.0,0.0,0.0,0.0,0.0,0.0,0.0,0.0,0.0,0.0,0.0,0.0,0.0,0.0,0.0,0.0,0.0,0.0,0.0,0.0,0.0,0.0,0.0,0.0,0.0,0.0,0.0,0.0,0.0,0.0,0.0,1.0E-4,11690.0,9.551999999999999E25,117700.0,35020.0,15760.0,3017000.0,42920.0,23820.0,20230.0,18370.0,20530.0,0.0,104.6,367.9,58.32,1.618,0.2038,0.0,0.0,0.0,0.0,0.0,0.0,1092.0,153.3,12.11,0.8995,0.08405,0.0,0.0,0.0,0.0,0.0,17.38,1451.0,1449.0,793.9,920.2,215.1,14.67,18.38,12.79,5.511,24.23,0.0,0.0,0.0,0.0,0.0,0.0,0.0,0.0,0.0,0.0,0.0,0.0,59.25,0.8975,0.02312,0.00291,0.001988,0.0,0.0,0.0,0.0,0.0,0.0,179.1,3.085E-21,4.417E-23,1.0199999999999999E-23,5.534E-24,0.0,0.0,0.0,0.0,0.0,
0.0,0.0,0.0,0.0,0.0,0.0,0.0,0.0,0.0,0.0,0.0,0.0,0.0,0.0,0.0,0.0,0.0,0.0,0.0,0.0,0.0,0.0,8.664E-8,0.0,2.177,23.1,2.342,0.1299,0.01385,0.0,0.0,0.0,0.0,0.0,0.0,0.0,0.0,0.0,0.0,0.0,0.0,0.0,0.0,0.0,0.0,0.0,0.0,0.4708,0.5292,0.0,0.0,0.0,0.0,0.0,0.0,0.0,2.3289999999999998E-22,11060.0,212.2,71.75,28.72,5426.0,159.3,40.1,27.79,39.45,34.12,0.0,0.0,0.0,0.0,0.0,0.0,0.0,0.0,0.0,0.0,0.0,0.0,0.0,0.0,0.0,0.0,0.0,0.0,0.0,0.0,0.0,0.0,0.0,0.0,0.0,0.0,0.0,0.0,0.0,0.0,0.0,0.0,0.0,0.0,0.0,0.0,0.0,0.0,0.0,0.0,0.0,0.0,0.0,0.0,0.0,0.0,1.0E-4,11690.0,9.551999999999999E25,117000.0,35120.0,15390.0,3006000.0,61440.0,20650.0,17280.0,18980.0,20070.0,0.0,106.1,389.3,65.4,1.666,0.2368,0.0,0.0,0.0,0.0,0.0,0.0,1087.0,110.9,11.05,0.8511,0.05108,0.0,0.0,0.0,0.0,0.0,17.38,1488.0,1421.0,806.8,920.2,211.9,14.85,18.24,12.92,5.441,24.24,0.0,0.0,0.0,0.0,0.0,0.0,0.0,0.0,0.0,0.0,0.0,0.0,72.63,0.8978,0.03103,0.00308,0.001974,0.0,0.0,0.0,0.0,0.0,0.0,184.5,2.989E-21,5.981999999999999E-23,1.019E-23,5.495E-24,0.0,0.0,0.0,0.0,0.0,
0.0,0.0,0.0,0.0,0.0,0.0,0.0,0.0,0.0,0.0,0.0,0.0,0.0,0.0,0.0,0.0,0.0,0.0,0.0,0.0,0.0,0.0,9.232E-8,0.0,2.206,17.69,2.237,0.131,0.00848,0.0,0.0,0.0,0.0,0.0,0.0,0.0,0.0,0.0,0.0,0.0,0.0,0.0,0.0,0.0,0.0,0.0,0.0,0.4708,0.5292,0.0,0.0,0.0,0.0,0.0,0.0,0.0,2.3289999999999998E-22,11070.0,208.8,71.85,29.15,5445.0,143.2,39.23,28.17,38.6,33.19,0.0,0.0,0.0,0.0,0.0,0.0,0.0,0.0,0.0,0.0,0.0,0.0,0.0,0.0,0.0,0.0,0.0,0.0,0.0,0.0,0.0,0.0,0.0,0.0,0.0,0.0,0.0,0.0,0.0,0.0,0.0,0.0,0.0,0.0,0.0,0.0,0.0,0.0,0.0,0.0,0.0,0.0,0.0,0.0,0.0,0.0,1.0E-4,11690.0,9.551999999999999E25,116800.0,34870.0,15510.0,3011000.0,56350.0,20210.0,17240.0,18600.0,20160.0,0.0,101.5,419.6,70.66,1.63,0.2568,0.0,0.0,0.0,0.0,0.0,0.0,1040.0,121.4,9.813,0.8399,0.03104,0.0,0.0,0.0,0.0,0.0,17.38,1463.0,1465.0,792.6,920.8,212.5,14.81,18.16,12.91,5.406,24.2,0.0,0.0,0.0,0.0,0.0,0.0,0.0,0.0,0.0,0.0,0.0,0.0,76.8,1.066,0.04219,0.003429,0.001972,0.0,0.0,0.0,0.0,0.0,0.0,186.3,3.358E-21,8.5E-23,1.031E-23,5.489E-24,0.0,0.0,0.0,0.0,0.0,
0.0,0.0,0.0,0.0,0.0,0.0,0.0,0.0,0.0,0.0,0.0,0.0,0.0,0.0,0.0,0.0,0.0,0.0,0.0,0.0,0.0,0.0,9.683E-8,0.0,2.229,13.54,1.55,0.06564,0.02238,0.0,0.0,0.0,0.0,0.0,0.0,0.0,0.0,0.0,0.0,0.0,0.0,0.0,0.0,0.0,0.0,0.0,0.0,0.4708,0.5292,0.0,0.0,0.0,0.0,0.0,0.0,0.0,2.3279999999999997E-22,11070.0,206.4,75.62,29.64,5427.0,143.8,40.33,28.25,39.82,34.21,0.0,0.0,0.0,0.0,0.0,0.0,0.0,0.0,0.0,0.0,0.0,0.0,0.0,0.0,0.0,0.0,0.0,0.0,0.0,0.0,0.0,0.0,0.0,0.0,0.0,0.0,0.0,0.0,0.0,0.0,0.0,0.0,0.0,0.0,0.0,0.0,0.0,0.0,0.0,0.0,0.0,0.0,0.0,0.0,0.0,0.0,1.0E-4,11730.0,9.551999999999999E25,116000.0,36580.0,15360.0,3007000.0,55040.0,20530.0,17050.0,19200.0,19850.0,0.0,104.0,438.4,69.3,2.858,2.39,0.0,0.0,0.0,0.0,0.0,0.0,1028.0,106.7,7.704,0.6352,0.08136,0.0,0.0,0.0,0.0,0.0,17.42,1460.0,1490.0,767.9,923.5,218.3,14.81,18.2,12.83,5.439,24.22,0.0,0.0,0.0,0.0,0.0,0.0,0.0,0.0,0.0,0.0,0.0,0.0,80.8,1.115,0.05099,0.00326,0.003017,0.0,0.0,0.0,0.0,0.0,0.0,188.1,3.378E-21,1.0369999999999999E-22,1.352E-23,1.149E-23,0.0,0.0,0.0,0.0,0.0,
0.0,0.0,0.0,0.0,0.0,0.0,0.0,0.0,0.0,0.0,0.0,0.0,0.0,0.0,0.0,0.0,0.0,0.0,0.0,0.0,0.0,0.0,1.004E-7,0.0,2.234,11.39,1.507,0.1022,0.01371,0.0,0.0,0.0,0.0,0.0,0.0,0.0,0.0,0.0,0.0,0.0,0.0,0.0,0.0,0.0,0.0,0.0,0.0,0.4708,0.4868,0.04233,0.0,0.0,0.0,0.0,0.0,0.0,2.3279999999999997E-22,11070.0,209.4,78.13,29.68,5423.0,143.8,40.38,28.49,39.93,36.02,0.0,0.0,0.0,0.0,0.0,0.0,0.0,0.0,0.0,0.0,0.0,0.0,0.0,0.0,0.0,0.0,0.0,0.0,0.0,0.0,0.0,0.0,0.0,0.0,0.0,0.0,0.0,0.0,0.0,0.0,0.0,0.0,0.0,0.0,0.0,0.0,0.0,0.0,0.0,0.0,0.0,0.0,0.0,0.0,0.0,0.0,1.0E-4,11730.0,9.551999999999999E25,116100.0,38070.0,15860.0,2997000.0,53940.0,20470.0,17200.0,19280.0,25680.0,0.0,90.83,456.8,72.6,3.236,2.422,0.0,0.0,0.0,0.0,0.0,0.0,1001.0,105.3,7.909,0.4273,0.04945,0.0,0.0,0.0,0.0,0.0,17.42,1448.0,1499.0,775.1,931.1,221.7,14.82,18.22,12.84,5.546,23.67,0.0,0.0,0.0,0.0,0.0,0.0,0.0,0.0,0.0,0.0,0.0,0.0,92.54,1.173,0.05866,0.003373,0.003011,0.0,0.0,0.0,0.0,0.0,0.0,193.1,3.563E-21,1.139E-22,1.366E-23,1.147E-23,0.0,0.0,0.0,0.0,0.0,
0.0,0.0,0.0,0.0,0.0,0.0,0.0,0.0,0.0,0.0,0.0,0.0,0.0,0.0,0.0,0.0,0.0,0.0,0.0,0.0,0.0,0.0,1.033E-7,0.0,2.415,11.93,1.463,0.08988,0.008348,0.0,0.0,0.0,0.0,0.0,0.0,0.0,0.0,0.0,0.0,0.0,0.0,0.0,0.0,0.0,0.0,0.0,0.0,1.0,0.0,0.0,0.0,0.0,0.0,0.0,0.0,0.0,2.3279999999999997E-22,11070.0,208.4,79.91,29.87,5423.0,143.8,40.38,28.49,39.93,36.02,0.0,0.0,0.0,0.0,0.0,0.0,0.0,0.0,0.0,0.0,0.0,0.0,0.0,0.0,0.0,0.0,0.0,0.0,0.0,0.0,0.0,0.0,0.0,0.0,0.0,0.0,0.0,0.0,0.0,0.0,0.0,0.0,0.0,0.0,0.0,0.0,0.0,0.0,0.0,0.0,0.0,0.0,0.0,0.0,0.0,0.0,1.0E-4,11730.0,9.551999999999999E25,115500.0,38140.0,15780.0,2997000.0,53030.0,20390.0,17000.0,19560.0,23840.0,0.0,101.5,462.6,69.99,3.356,2.442,0.0,0.0,0.0,0.0,0.0,0.0,984.7,97.13,7.41,0.3321,0.03005,0.0,0.0,0.0,0.0,0.0,17.42,1472.0,1496.0,765.6,930.6,221.7,14.79,18.25,12.82,5.55,23.66,0.0,0.0,0.0,0.0,0.0,0.0,0.0,0.0,0.0,0.0,0.0,0.0,100.3,1.177,0.07125,0.004216,0.00301,0.0,0.0,0.0,0.0,0.0,0.0,196.5,3.653E-21,1.4269999999999998E-22,1.5849999999999998E-23,1.1459999999999999E-23,0.0,0.0,0.0,0.0,0.0,
0.0,0.0,0.0,0.0,0.0,0.0,0.0,0.0,0.0,0.0,0.0,0.0,0.0,0.0,0.0,0.0,0.0,0.0,0.0,0.0,0.0,0.0,1.064E-7,0.0,2.53,11.6,1.296,0.06707,5.389E-4,0.0,0.0,0.0,0.0,0.0,0.0,0.0,0.0,0.0,0.0,0.0,0.0,0.0,0.0,0.0,0.0,0.0,0.0,1.0,0.0,0.0,0.0,0.0,0.0,0.0,0.0,0.0,2.3279999999999997E-22,11080.0,201.8,74.78,29.35,5423.0,143.7,40.3,28.38,39.91,35.97,0.0,0.0,0.0,0.0,0.0,0.0,0.0,0.0,0.0,0.0,0.0,0.0,0.0,0.0,0.0,0.0,0.0,0.0,0.0,0.0,0.0,0.0,0.0,0.0,0.0,0.0,0.0,0.0,0.0,0.0,0.0,0.0,0.0,0.0,0.0,0.0,0.0,0.0,0.0,0.0,0.0,0.0,0.0,0.0,0.0,0.0,1.0E-4,11740.0,9.551999999999999E25,112300.0,35270.0,15460.0,2998000.0,52320.0,20310.0,16780.0,19420.0,22670.0,0.0,128.1,473.5,50.51,3.11,1.29,0.0,0.0,0.0,0.0,0.0,0.0,961.3,97.57,6.192,0.2447,0.001935,0.0,0.0,0.0,0.0,0.0,17.45,1538.0,1498.0,716.6,919.1,218.6,14.78,18.26,12.81,5.563,23.72,0.0,0.0,0.0,0.0,0.0,0.0,0.0,0.0,0.0,0.0,0.0,0.0,104.9,1.344,0.06892,0.003745,0.001105,0.0,0.0,0.0,0.0,0.0,0.0,198.1,3.836E-21,1.314E-22,1.454E-23,6.157E-24,0.0,0.0,0.0,0.0,0.0,
0.0,0.0,0.0,0.0,0.0,0.0,0.0,0.0,0.0,0.0,0.0,0.0,0.0,0.0,0.0,0.0,0.0,0.0,0.0,0.0,0.0,0.0,1.093E-7,0.0,2.588,10.64,1.135,0.05731,3.273E-4,0.0,0.0,0.0,0.0,0.0,0.0,0.0,0.0,0.0,0.0,0.0,0.0,0.0,0.0,0.0,0.0,0.0,0.0,1.0,0.0,0.0,0.0,0.0,0.0,0.0,0.0,0.0,2.3279999999999997E-22,11090.0,193.3,77.01,29.64,5421.0,143.7,40.27,28.35,39.91,35.96,0.0,0.0,0.0,0.0,0.0,0.0,0.0,0.0,0.0,0.0,0.0,0.0,0.0,0.0,0.0,0.0,0.0,0.0,0.0,0.0,0.0,0.0,0.0,0.0,0.0,0.0,0.0,0.0,0.0,0.0,0.0,0.0,0.0,0.0,0.0,0.0,0.0,0.0,0.0,0.0,0.0,0.0,0.0,0.0,0.0,0.0,1.0E-4,11740.0,9.551999999999999E25,107900.0,36080.0,15380.0,3000000.0,51770.0,20190.0,16680.0,19530.0,21460.0,0.0,134.2,474.5,51.08,3.185,1.291,0.0,0.0,0.0,0.0,0.0,0.0,958.3,78.14,5.548,0.2081,0.001176,0.0,0.0,0.0,0.0,0.0,17.45,1588.0,1453.0,721.9,919.4,218.5,14.8,18.22,12.84,5.586,23.69,0.0,0.0,0.0,0.0,0.0,0.0,0.0,0.0,0.0,0.0,0.0,0.0,115.5,1.321,0.07553,0.003947,0.001103,0.0,0.0,0.0,0.0,0.0,0.0,201.3,3.71E-21,1.3239999999999999E-22,1.47E-23,6.151E-24,0.0,0.0,0.0,0.0,0.0,
0.0,0.0,0.0,0.0,0.0,0.0,0.0,0.0,0.0,0.0,0.0,0.0,0.0,0.0,0.0,0.0,0.0,0.0,0.0,0.0,0.0,0.0,1.12E-7,0.0,2.671,10.89,1.001,0.05198,1.988E-4,0.0,0.0,0.0,0.0,0.0,0.0,0.0,0.0,0.0,0.0,0.0,0.0,0.0,0.0,0.0,0.0,0.0,0.0,1.0,0.0,0.0,0.0,0.0,0.0,0.0,0.0,0.0,2.3279999999999997E-22,11090.0,193.4,76.07,29.68,5440.0,143.1,39.54,24.27,39.98,28.7,0.0,0.0,0.0,0.0,0.0,0.0,0.0,0.0,0.0,0.0,0.0,0.0,0.0,0.0,0.0,0.0,0.0,0.0,0.0,0.0,0.0,0.0,0.0,0.0,0.0,0.0,0.0,0.0,0.0,0.0,0.0,0.0,0.0,0.0,0.0,0.0,0.0,0.0,0.0,0.0,0.0,0.0,0.0,0.0,0.0,0.0,1.0E-4,11750.0,9.551999999999999E25,105400.0,36830.0,15290.0,3006000.0,51140.0,19860.0,15670.0,19570.0,19200.0,0.0,138.7,484.2,49.77,3.205,1.291,0.0,0.0,0.0,0.0,0.0,0.0,957.0,59.0,4.882,0.1884,7.148E-4,0.0,0.0,0.0,0.0,0.0,17.46,1611.0,1434.0,722.2,918.9,217.4,14.75,18.2,12.63,5.567,23.36,0.0,0.0,0.0,0.0,0.0,0.0,0.0,0.0,0.0,0.0,0.0,0.0,120.8,1.305,0.08129,0.004058,0.001102,0.0,0.0,0.0,0.0,0.0,0.0,202.9,3.647E-21,1.295E-22,1.47E-23,6.145E-24,0.0,0.0,0.0,0.0,0.0,
0.0,0.0,0.0,0.0,0.0,0.0,0.0,0.0,0.0,0.0,0.0,0.0,0.0,0.0,0.0,0.0,0.0,0.0,0.0,0.0,0.0,0.0,1.146E-7,0.0,2.745,9.998,0.9388,0.05148,1.207E-4,0.0,0.0,0.0,0.0,0.0,0.0,0.0,0.0,0.0,0.0,0.0,0.0,0.0,0.0,0.0,0.0,0.0,0.0,1.0,0.0,0.0,0.0,0.0,0.0,0.0,0.0,0.0,2.3279999999999997E-22,11090.0,199.6,70.08,28.76,5450.0,142.5,37.35,24.09,37.59,26.65,0.0,0.0,0.0,0.0,0.0,0.0,0.0,0.0,0.0,0.0,0.0,0.0,0.0,0.0,0.0,0.0,0.0,0.0,0.0,0.0,0.0,0.0,0.0,0.0,0.0,0.0,0.0,0.0,0.0,0.0,0.0,0.0,0.0,0.0,0.0,0.0,0.0,0.0,0.0,0.0,0.0,0.0,0.0,0.0,0.0,0.0,1.0E-4,11750.0,9.551999999999999E25,105000.0,36000.0,15010.0,3011000.0,50600.0,18980.0,15430.0,18640.0,18390.0,0.0,148.6,460.1,70.1,3.046,1.291,0.0,0.0,0.0,0.0,0.0,0.0,954.1,38.38,7.155,0.1775,4.344E-4,0.0,0.0,0.0,0.0,0.0,17.46,1654.0,1342.0,785.0,917.9,215.2,14.7,18.15,12.59,5.48,23.32,0.0,0.0,0.0,0.0,0.0,0.0,0.0,0.0,0.0,0.0,0.0,0.0,132.4,1.246,0.08307,0.004154,0.001101,0.0,0.0,0.0,0.0,0.0,0.0,206.1,3.5010000000000004E-21,1.1149999999999998E-22,1.503E-23,6.138E-24,0.0,0.0,0.0,0.0,0.0,
0.0,0.0,0.0,0.0,0.0,0.0,0.0,0.0,0.0,0.0,0.0,0.0,0.0,0.0,0.0,0.0,0.0,0.0,0.0,0.0,0.0,0.0,1.17E-7,0.0,2.766,7.106,1.209,0.0513,7.319E-5,0.0,0.0,0.0,0.0,0.0,0.0,0.0,0.0,0.0,0.0,0.0,0.0,0.0,0.0,0.0,0.0,0.0,0.0,1.0,0.0,0.0,0.0,0.0,0.0,0.0,0.0,0.0,2.3279999999999997E-22,11100.0,193.5,71.18,28.92,5435.0,140.0,41.67,22.47,45.33,35.36,0.0,0.0,0.0,0.0,0.0,0.0,0.0,0.0,0.0,0.0,0.0,0.0,0.0,0.0,0.0,0.0,0.0,0.0,0.0,0.0,0.0,0.0,0.0,0.0,0.0,0.0,0.0,0.0,0.0,0.0,0.0,0.0,0.0,0.0,0.0,0.0,0.0,0.0,0.0,0.0,0.0,0.0,0.0,0.0,0.0,0.0,1.0E-4,11750.0,9.551999999999999E25,105000.0,35810.0,15190.0,3004000.0,50600.0,19760.0,15210.0,22600.0,20720.0,0.0,145.3,493.7,53.74,3.125,1.292,0.0,0.0,0.0,0.0,0.0,0.0,871.8,104.5,8.726,0.2364,2.64E-4,0.0,0.0,0.0,0.0,0.0,17.46,1532.0,1513.0,739.7,917.1,214.2,14.83,17.48,12.56,5.743,19.89,0.0,0.0,0.0,0.0,0.0,0.0,0.0,0.0,0.0,0.0,0.0,0.0,132.5,1.608,0.09679,0.004856,0.001099,0.0,0.0,0.0,0.0,0.0,0.0,206.1,4.492E-21,1.3789999999999998E-22,1.718E-23,6.126E-24,0.0,0.0,0.0,0.0,0.0,
0.0,0.0,0.0,0.0,0.0,0.0,0.0,0.0,0.0,0.0,0.0,0.0,0.0,0.0,0.0,0.0,0.0,0.0,0.0,0.0,0.0,0.0,1.191E-7,0.0,2.8,5.41,2.47,0.05313,4.439E-5,0.0,0.0,0.0,0.0,0.0,0.0,0.0,0.0,0.0,0.0,0.0,0.0,0.0,0.0,0.0,0.0,0.0,0.0,1.0,0.0,0.0,0.0,0.0,0.0,0.0,0.0,0.0,2.3279999999999997E-22,11110.0,191.2,65.09,28.57,5424.0,139.9,41.51,22.39,45.18,34.87,0.0,0.0,0.0,0.0,0.0,0.0,0.0,0.0,0.0,0.0,0.0,0.0,0.0,0.0,0.0,0.0,0.0,0.0,0.0,0.0,0.0,0.0,0.0,0.0,0.0,0.0,0.0,0.0,0.0,0.0,0.0,0.0,0.0,0.0,0.0,0.0,0.0,0.0,0.0,0.0,0.0,0.0,0.0,0.0,0.0,0.0,1.0E-4,11770.0,9.551999999999999E25,101500.0,34380.0,15160.0,3002000.0,50230.0,19610.0,15020.0,22870.0,21440.0,0.0,181.8,452.0,72.09,3.091,1.292,0.0,0.0,0.0,0.0,0.0,0.0,866.3,91.87,12.09,0.2008,1.605E-4,0.0,0.0,0.0,0.0,0.0,17.47,1601.0,1387.0,803.7,918.0,213.0,14.8,17.3,11.63,5.332,12.16,0.0,0.0,0.0,0.0,0.0,0.0,0.0,0.0,0.0,0.0,0.0,0.0,132.5,1.782,0.09878,0.005388,0.001097,0.0,0.0,0.0,0.0,0.0,0.0,206.1,4.385E-21,1.109E-22,1.787E-23,6.114E-24,0.0,0.0,0.0,0.0,0.0,
0.0,0.0,0.0,0.0,0.0,0.0,0.0,0.0,0.0,0.0,0.0,0.0,0.0,0.0,0.0,0.0,0.0,0.0,0.0,0.0,0.0,0.0,1.208E-7,0.0,3.288,5.937,2.337,0.0532,2.716E-5,0.0,0.0,0.0,0.0,0.0,0.0,0.0,0.0,0.0,0.0,0.0,0.0,0.0,0.0,0.0,0.0,0.0,0.0,1.0,0.0,0.0,0.0,0.0,0.0,0.0,0.0,0.0,2.3279999999999997E-22,11110.0,190.9,69.11,28.77,5423.0,139.9,41.51,22.37,45.17,36.37,0.0,0.0,0.0,0.0,0.0,0.0,0.0,0.0,0.0,0.0,0.0,0.0,0.0,0.0,0.0,0.0,0.0,0.0,0.0,0.0,0.0,0.0,0.0,0.0,0.0,0.0,0.0,0.0,0.0,0.0,0.0,0.0,0.0,0.0,0.0,0.0,0.0,0.0,0.0,0.0,0.0,0.0,0.0,0.0,0.0,0.0,1.0E-4,11770.0,9.551999999999999E25,101000.0,34160.0,15110.0,2999000.0,49920.0,19490.0,14850.0,22600.0,23500.0,0.0,204.8,439.2,72.34,3.263,1.292,0.0,0.0,0.0,0.0,0.0,0.0,868.2,78.68,9.37,0.195,9.752E-5,0.0,0.0,0.0,0.0,0.0,17.47,1635.0,1341.0,798.8,919.3,217.2,14.76,17.31,11.53,5.339,12.47,0.0,0.0,0.0,0.0,0.0,0.0,0.0,0.0,0.0,0.0,0.0,0.0,132.6,1.687,0.1121,0.006278,0.001095,0.0,0.0,0.0,0.0,0.0,0.0,206.1,4.146E-21,1.158E-22,1.8969999999999998E-23,6.102E-24,0.0,0.0,0.0,0.0,0.0,
0.0,0.0,0.0,0.0,0.0,0.0,0.0,0.0,0.0,0.0,0.0,0.0,0.0,0.0,0.0,0.0,0.0,0.0,0.0,0.0,0.0,0.0,1.227E-7,0.0,3.34,11.28,1.698,0.06352,1.652E-5,0.0,0.0,0.0,0.0,0.0,0.0,0.0,0.0,0.0,0.0,0.0,0.0,0.0,0.0,0.0,0.0,0.0,0.0,1.0,0.0,0.0,0.0,0.0,0.0,0.0,0.0,0.0,2.3279999999999997E-22,11120.0,183.1,64.71,27.39,5444.0,138.6,35.08,21.55,41.17,35.41,0.0,0.0,0.0,0.0,0.0,0.0,0.0,0.0,0.0,0.0,0.0,0.0,0.0,0.0,0.0,0.0,0.0,0.0,0.0,0.0,0.0,0.0,0.0,0.0,0.0,0.0,0.0,0.0,0.0,0.0,0.0,0.0,0.0,0.0,0.0,0.0,0.0,0.0,0.0,0.0,0.0,0.0,0.0,0.0,0.0,0.0,1.0E-4,11770.0,9.551999999999999E25,97930.0,32520.0,14540.0,3008000.0,50630.0,16730.0,14450.0,20690.0,22370.0,0.0,181.3,456.9,70.9,3.404,1.297,0.0,0.0,0.0,0.0,0.0,0.0,807.3,118.3,6.839,0.2407,5.926E-5,0.0,0.0,0.0,0.0,0.0,17.47,1577.0,1434.0,785.2,920.3,218.0,14.78,17.28,11.49,5.32,12.43,0.0,0.0,0.0,0.0,0.0,0.0,0.0,0.0,0.0,0.0,0.0,0.0,155.7,2.241,0.1243,0.006798,0.001096,0.0,0.0,0.0,0.0,0.0,0.0,210.2,4.8210000000000004E-21,1.143E-22,1.901E-23,6.096E-24,0.0,0.0,0.0,0.0,0.0,
0.0,0.0,0.0,0.0,0.0,0.0,0.0,0.0,0.0,0.0,0.0,0.0,0.0,0.0,0.0,0.0,0.0,0.0,0.0,0.0,0.0,0.0,1.256E-7,0.0,3.397,12.92,1.374,0.07996,1.003E-5,0.0,0.0,0.0,0.0,0.0,0.0,0.0,0.0,0.0,0.0,0.0,0.0,0.0,0.0,0.0,0.0,0.0,0.0,1.0,0.0,0.0,0.0,0.0,0.0,0.0,0.0,0.0,2.3279999999999997E-22,11140.0,174.9,69.03,28.31,5432.0,139.4,37.94,21.86,42.75,35.7,0.0,0.0,0.0,0.0,0.0,0.0,0.0,0.0,0.0,0.0,0.0,0.0,0.0,0.0,0.0,0.0,0.0,0.0,0.0,0.0,0.0,0.0,0.0,0.0,0.0,0.0,0.0,0.0,0.0,0.0,0.0,0.0,0.0,0.0,0.0,0.0,0.0,0.0,0.0,0.0,0.0,0.0,0.0,0.0,0.0,0.0,1.0E-4,11770.0,9.551999999999999E25,98570.0,34590.0,14950.0,3000000.0,50450.0,17870.0,14410.0,21200.0,21820.0,0.0,182.1,454.1,79.76,2.725,1.297,0.0,0.0,0.0,0.0,0.0,0.0,804.7,96.4,5.573,0.3384,3.602E-5,0.0,0.0,0.0,0.0,0.0,17.47,1641.0,1371.0,796.9,919.5,217.3,14.78,17.34,11.44,5.302,12.44,0.0,0.0,0.0,0.0,0.0,0.0,0.0,0.0,0.0,0.0,0.0,0.0,170.3,2.198,0.139,0.007286,0.001094,0.0,0.0,0.0,0.0,0.0,0.0,212.9,4.662E-21,1.1789999999999999E-22,1.443E-23,6.09E-24,0.0,0.0,0.0,0.0,0.0,
0.0,0.0,0.0,0.0,0.0,0.0,0.0,0.0,0.0,0.0,0.0,0.0,0.0,0.0,0.0,0.0,0.0,0.0,0.0,0.0,0.0,0.0,1.289E-7,0.0,3.429,13.21,1.271,0.07817,5.882E-6,0.0,0.0,0.0,0.0,0.0,0.0,0.0,0.0,0.0,0.0,0.0,0.0,0.0,0.0,0.0,0.0,0.0,0.0,1.0,0.0,0.0,0.0,0.0,0.0,0.0,0.0,0.0,2.3279999999999997E-22,11140.0,179.8,73.79,28.97,5423.0,139.8,39.62,21.94,43.69,35.84,0.0,0.0,0.0,0.0,0.0,0.0,0.0,0.0,0.0,0.0,0.0,0.0,0.0,0.0,0.0,0.0,0.0,0.0,0.0,0.0,0.0,0.0,0.0,0.0,0.0,0.0,0.0,0.0,0.0,0.0,0.0,0.0,0.0,0.0,0.0,0.0,0.0,0.0,0.0,0.0,0.0,0.0,0.0,0.0,0.0,0.0,1.0E-4,11770.0,9.551999999999999E25,100200.0,36010.0,15140.0,2995000.0,50230.0,18510.0,14380.0,21500.0,21400.0,0.0,166.9,482.3,74.39,3.137,1.297,0.0,0.0,0.0,0.0,0.0,0.0,755.1,119.1,6.111,0.2801,2.189E-5,0.0,0.0,0.0,0.0,0.0,17.47,1573.0,1463.0,786.6,921.0,217.3,14.77,17.34,11.51,5.292,12.42,0.0,0.0,0.0,0.0,0.0,0.0,0.0,0.0,0.0,0.0,0.0,0.0,184.2,2.64,0.1629,0.008071,0.001093,0.0,0.0,0.0,0.0,0.0,0.0,215.4,5.303E-21,1.276E-22,1.453E-23,6.084E-24,0.0,0.0,0.0,0.0,0.0,
0.0,0.0,0.0,0.0,0.0,0.0,0.0,0.0,0.0,0.0,0.0,0.0,0.0,0.0,0.0,0.0,0.0,0.0,0.0,0.0,0.0,0.0,1.323E-7,0.0,3.476,13.07,1.367,0.07879,3.786E-6,0.0,0.0,0.0,0.0,0.0,0.0,0.0,0.0,0.0,0.0,0.0,0.0,0.0,0.0,0.0,0.0,0.0,0.0,1.0,0.0,0.0,0.0,0.0,0.0,0.0,0.0,0.0,2.3279999999999997E-22,11140.0,175.2,74.96,28.75,5427.0,139.8,39.61,21.9,43.65,35.81,0.0,0.0,0.0,0.0,0.0,0.0,0.0,0.0,0.0,0.0,0.0,0.0,0.0,0.0,0.0,0.0,0.0,0.0,0.0,0.0,0.0,0.0,0.0,0.0,0.0,0.0,0.0,0.0,0.0,0.0,0.0,0.0,0.0,0.0,0.0,0.0,0.0,0.0,0.0,0.0,0.0,0.0,0.0,0.0,0.0,0.0,1.0E-4,11780.0,9.551999999999999E25,100500.0,37130.0,14960.0,2995000.0,49920.0,18440.0,14510.0,21180.0,20930.0,0.0,180.8,481.7,77.78,3.332,1.3,0.0,0.0,0.0,0.0,0.0,0.0,754.0,94.26,6.276,0.3329,1.364E-5,0.0,0.0,0.0,0.0,0.0,17.49,1617.0,1421.0,800.1,907.6,221.2,14.77,17.37,11.6,5.138,12.43,0.0,0.0,0.0,0.0,0.0,0.0,0.0,0.0,0.0,0.0,0.0,0.0,191.2,2.602,0.1777,0.009697,0.001501,0.0,0.0,0.0,0.0,0.0,0.0,216.7,5.144E-21,1.248E-22,1.336E-23,7.217E-24,0.0,0.0,0.0,0.0,0.0,
0.0,0.0,0.0,0.0,0.0,0.0,0.0,0.0,0.0,0.0,0.0,0.0,0.0,0.0,0.0,0.0,0.0,0.0,0.0,0.0,0.0,0.0,1.355E-7,0.0,3.491,12.48,1.704,0.07509,2.308E-6,0.0,0.0,0.0,0.0,0.0,0.0,0.0,0.0,0.0,0.0,0.0,0.0,0.0,0.0,0.0,0.0,0.0,0.0,1.0,0.0,0.0,0.0,0.0,0.0,0.0,0.0,0.0,2.3279999999999997E-22,11140.0,178.5,74.64,28.97,5427.0,139.9,39.73,21.98,43.9,35.83,0.0,0.0,0.0,0.0,0.0,0.0,0.0,0.0,0.0,0.0,0.0,0.0,0.0,0.0,0.0,0.0,0.0,0.0,0.0,0.0,0.0,0.0,0.0,0.0,0.0,0.0,0.0,0.0,0.0,0.0,0.0,0.0,0.0,0.0,0.0,0.0,0.0,0.0,0.0,0.0,0.0,0.0,0.0,0.0,0.0,0.0,1.0E-4,11780.0,9.551999999999999E25,100000.0,37120.0,15450.0,2997000.0,49760.0,18470.0,14400.0,21250.0,20650.0,0.0,174.9,491.6,81.25,3.383,1.3,0.0,0.0,0.0,0.0,0.0,0.0,728.4,92.15,8.099,0.2813,8.291E-6,0.0,0.0,0.0,0.0,0.0,17.49,1617.0,1423.0,810.2,908.3,220.0,15.68,17.39,11.5,5.084,12.51,0.0,0.0,0.0,0.0,0.0,0.0,0.0,0.0,0.0,0.0,0.0,0.0,205.2,2.789,0.2023,0.01064,0.001498,0.0,0.0,0.0,0.0,0.0,0.0,219.1,5.438E-21,1.328E-22,1.334E-23,7.205E-24,0.0,0.0,0.0,0.0,0.0,
