FeEn,R-TfEn,R-TfaEn,REn,RabA,RabB,RabC,RabD,RabE,RabF,RabG,RabH,RabI,TfEn,TfaEn,area,cMHCIEn,exCxEn,imCxEn,membraneMarker,mvb,oMHCIEn,ovaEn,pH,pepEn,pepMHCIEn,protonEn,solubleMarker,tick,volume,
1.37507E-4,4.15305,1.39309E-4,0.0695213,17758.5,0.0,0.0,0.0,0.0,0.0,0.0,0.0,0.0,1.2098200000000001E-24,2.75893E-7,17758.5,0.0,0.0,0.0,1.0,9.54989E-22,0.0,0.0,7.04338,0.0,0.0,18.236,0.0,201.0,212566.0,
0.0108428,8.85385,0.0171978,15.7445,35504.7,17236.0,0.0,0.0,0.0,0.0,0.0,0.0,0.0,1.8697600000000003E-24,1.34447E-6,52740.7,0.0,0.0,0.0,1.0,2.0,0.0,0.0,6.81422,0.0,0.0,118.544,0.0,301.0,779371.0,
0.0364016,3.81964,0.0529813,6.87323,0.0,7539.82,0.0,0.0,0.0,0.0,0.0,0.0,0.0,1.2059E-25,1.84391E-6,7539.82,0.0,0.0,0.0,1.0,0.0,0.0,0.0,6.78901,0.0,0.0,7.17077,0.0,401.0,50265.5,
0.0534558,3.78602,0.0865911,6.87323,0.0,7539.82,0.0,0.0,0.0,0.0,0.0,0.0,0.0,1.2059E-25,9.36858E-6,7539.82,0.0,0.0,0.0,1.0,0.0,0.0,0.0,6.81403,0.0,0.0,6.71326,0.0,501.0,50265.5,
0.0613329,3.76484,0.107758,6.87325,0.0,7539.82,0.0,0.0,0.0,0.0,0.0,0.0,0.0,1.2059E-25,2.57107E-5,7539.82,0.0,0.0,0.0,1.0,0.0,0.0,0.0,6.83478,0.0,0.0,6.35336,0.0,601.0,50265.5,
0.0656844,3.75047,0.122095,6.87328,0.0,7539.82,0.0,0.0,0.0,0.0,0.0,0.0,0.0,1.2059E-25,5.40299E-5,7539.82,0.0,0.0,0.0,1.0,0.0,0.0,0.0,6.85183,0.0,0.0,6.07026,0.0,701.0,50265.5,
0.0676916,2.80916,0.353969,6.23926,0.0,10479.6,0.0,0.0,0.0,0.0,0.0,0.0,0.0,1.49262E-25,1.02185E-5,10479.6,0.0,0.0,0.0,1.0,0.0,0.0,0.0,5.75133,0.0,0.0,155.626,0.0,801.0,88348.2,
1.69166E-5,7.61692,0.00629463,0.86097,37823.1,0.0,0.0,0.0,0.0,0.0,0.0,0.0,0.0,2.7933900000000003E-23,2.73854E-4,37823.1,0.0,0.0,0.0,1.0,2.77659E-21,0.0,0.0,7.18534,0.0,0.0,39.5503,0.0,1001.0,621342.0,
2.14682E-4,1.40763,0.00148012,0.588537,12566.4,0.0,0.0,0.0,0.0,0.0,0.0,0.0,0.0,3.4146400000000005E-24,3.77677E-5,12566.4,0.0,0.0,0.0,1.0,0.0,0.0,0.0,6.76982,0.0,0.0,16.0797,0.0,1101.0,100531.0,
0.0294019,1.33373,0.0753771,0.588537,12566.4,0.0,0.0,0.0,0.0,0.0,0.0,0.0,0.0,3.4146400000000005E-24,3.80737E-5,12566.4,0.0,0.0,0.0,1.0,0.0,0.0,0.0,6.67689,0.0,0.0,20.1546,0.0,1201.0,100531.0,
0.0297197,1.19661,0.212505,0.588538,12566.4,0.0,0.0,0.0,0.0,0.0,0.0,0.0,0.0,3.4146400000000005E-24,3.84754E-5,12566.4,0.0,0.0,0.0,1.0,0.0,0.0,0.0,6.61563,0.0,0.0,23.3594,0.0,1301.0,100531.0,
0.0259253,1.04233,0.366786,0.588538,12566.4,0.0,0.0,0.0,0.0,0.0,0.0,0.0,0.0,3.4146400000000005E-24,3.88017E-5,12566.4,0.0,0.0,0.0,1.0,0.0,0.0,0.0,6.57288,0.0,0.0,25.8797,0.0,1401.0,100531.0,
0.0222997,0.896553,0.512561,0.588538,12566.4,0.0,0.0,0.0,0.0,0.0,0.0,0.0,0.0,3.4146400000000005E-24,3.90548E-5,12566.4,0.0,0.0,0.0,1.0,0.0,0.0,0.0,6.54198,0.0,0.0,27.8618,0.0,1501.0,100531.0,
0.0190719,0.766785,0.642329,0.588538,12566.4,0.0,0.0,0.0,0.0,0.0,0.0,0.0,0.0,3.4146400000000005E-24,3.92573E-5,12566.4,0.0,0.0,0.0,1.0,0.0,0.0,0.0,6.51913,0.0,0.0,29.4206,0.0,1601.0,100531.0,
0.0162646,0.653916,0.755197,0.588538,12566.4,0.0,0.0,0.0,0.0,0.0,0.0,0.0,0.0,3.4146400000000005E-24,3.94268E-5,12566.4,0.0,0.0,0.0,1.0,0.0,0.0,0.0,6.50198,0.0,0.0,30.6464,0.0,1701.0,100531.0,
0.0138482,0.556767,0.852346,0.588538,12566.4,0.0,0.0,0.0,0.0,0.0,0.0,0.0,0.0,3.4146400000000005E-24,3.95742E-5,12566.4,0.0,0.0,0.0,1.0,0.0,0.0,0.0,6.48894,0.0,0.0,31.6105,0.0,1801.0,100531.0,
0.0117795,0.473594,0.93552,0.58854,12566.4,0.0,0.0,0.0,0.0,0.0,0.0,0.0,0.0,3.4146400000000005E-24,3.97068E-5,12566.4,0.0,0.0,0.0,1.0,0.0,0.0,0.0,6.47896,0.0,0.0,32.3687,0.0,1901.0,100531.0,
0.0100136,0.402595,1.00652,0.58854,12566.4,0.0,0.0,0.0,0.0,0.0,0.0,0.0,0.0,3.4146400000000005E-24,3.98292E-5,12566.4,0.0,0.0,0.0,1.0,0.0,0.0,0.0,6.47127,0.0,0.0,32.9649,0.0,2001.0,100531.0,
0.00850888,0.342098,1.06702,0.58854,12566.4,0.0,0.0,0.0,0.0,0.0,0.0,0.0,0.0,3.4146400000000005E-24,3.99443E-5,12566.4,0.0,0.0,0.0,1.0,0.0,0.0,0.0,6.46531,0.0,0.0,33.4339,0.0,2101.0,100531.0,
0.00722817,0.290607,1.11851,0.58854,12566.4,0.0,0.0,0.0,0.0,0.0,0.0,0.0,0.0,3.4146400000000005E-24,4.00544E-5,12566.4,0.0,0.0,0.0,1.0,0.0,0.0,0.0,6.46069,0.0,0.0,33.8026,0.0,2201.0,100531.0,
0.00613895,0.246816,1.1623,0.58854,12566.4,0.0,0.0,0.0,0.0,0.0,0.0,0.0,0.0,3.4146400000000005E-24,4.01607E-5,12566.4,0.0,0.0,0.0,1.0,0.0,0.0,0.0,6.45708,0.0,0.0,34.0927,0.0,2301.0,100531.0,
0.00521308,0.209591,1.19952,0.58854,12566.4,0.0,0.0,0.0,0.0,0.0,0.0,0.0,0.0,3.4146400000000005E-24,4.02647E-5,12566.4,0.0,0.0,0.0,1.0,0.0,0.0,0.0,6.45427,0.0,0.0,34.3208,0.0,2401.0,100531.0,
0.00442636,0.177961,1.23115,0.58854,12566.4,0.0,0.0,0.0,0.0,0.0,0.0,0.0,0.0,3.4146400000000005E-24,4.03667E-5,12566.4,0.0,0.0,0.0,1.0,0.0,0.0,0.0,6.45207,0.0,0.0,34.5001,0.0,2501.0,100531.0,
0.00375805,0.151092,1.25802,0.588541,12566.4,0.0,0.0,0.0,0.0,0.0,0.0,0.0,0.0,3.4146400000000005E-24,4.04675E-5,12566.4,0.0,0.0,0.0,1.0,0.0,0.0,0.0,6.45035,0.0,0.0,34.6413,0.0,2601.0,100531.0,
0.00319043,0.128271,1.28084,0.588541,12566.4,0.0,0.0,0.0,0.0,0.0,0.0,0.0,0.0,3.4146400000000005E-24,4.05676E-5,12566.4,0.0,0.0,0.0,1.0,0.0,0.0,0.0,6.449,0.0,0.0,34.7521,0.0,2701.0,100531.0,
0.00270841,0.108891,1.30022,0.588541,12566.4,0.0,0.0,0.0,0.0,0.0,0.0,0.0,0.0,3.4146400000000005E-24,4.06669E-5,12566.4,0.0,0.0,0.0,1.0,0.0,0.0,0.0,6.44794,0.0,0.0,34.8394,0.0,2801.0,100531.0,
0.00229914,0.0924366,1.31668,0.588541,12566.4,0.0,0.0,0.0,0.0,0.0,0.0,0.0,0.0,3.4146400000000005E-24,4.07659E-5,12566.4,0.0,0.0,0.0,1.0,0.0,0.0,0.0,6.44711,0.0,0.0,34.9081,0.0,2901.0,100531.0,
0.00195166,0.0784659,1.33064,0.588541,12566.4,0.0,0.0,0.0,0.0,0.0,0.0,0.0,0.0,3.4146400000000005E-24,4.08647E-5,12566.4,0.0,0.0,0.0,1.0,0.0,0.0,0.0,6.44646,0.0,0.0,34.9621,0.0,3001.0,100531.0,
0.00165665,0.0666053,1.3425,0.588541,12566.4,0.0,0.0,0.0,0.0,0.0,0.0,0.0,0.0,3.4146400000000005E-24,4.09635E-5,12566.4,0.0,0.0,0.0,1.0,0.0,0.0,0.0,6.44594,0.0,0.0,35.0045,0.0,3101.0,100531.0,
0.00140621,0.0565365,1.35258,0.588541,12566.4,0.0,0.0,0.0,0.0,0.0,0.0,0.0,0.0,3.4146400000000005E-24,4.10622E-5,12566.4,0.0,0.0,0.0,1.0,0.0,0.0,0.0,6.44554,0.0,0.0,35.0379,0.0,3201.0,100531.0,
0.00119361,0.0479891,1.36113,0.588541,12566.4,0.0,0.0,0.0,0.0,0.0,0.0,0.0,0.0,3.4146400000000005E-24,4.11609E-5,12566.4,0.0,0.0,0.0,1.0,0.0,0.0,0.0,6.44522,0.0,0.0,35.0641,0.0,3301.0,100531.0,
0.00101315,0.0407335,1.36838,0.588541,12566.4,0.0,0.0,0.0,0.0,0.0,0.0,0.0,0.0,3.4146400000000005E-24,4.12596E-5,12566.4,0.0,0.0,0.0,1.0,0.0,0.0,0.0,6.44498,0.0,0.0,35.0847,0.0,3401.0,100531.0,
4.02148E-5,4.13027,0.391417,5.32052,33909.4,0.0,0.0,0.0,0.0,0.0,0.0,0.0,0.0,5.43961E-23,0.0185389,33909.4,0.0,0.0,0.0,1.0,2.56167E-21,0.0,0.0,7.11556,0.0,0.0,42.6484,0.0,3601.0,569542.0,
0.0368923,4.49624,2.58412,7.23324,50630.2,0.0,0.0,0.0,0.0,0.0,0.0,0.0,0.0,7.9039E-23,0.0224924,50630.2,0.0,0.0,0.0,1.0,4.4194999999999995E-21,0.0,0.0,6.68135,0.0,0.0,182.01,0.0,3701.0,878667.0,
0.0989494,4.00346,3.07689,7.23324,50630.2,0.0,0.0,0.0,0.0,0.0,0.0,0.0,0.0,7.9039E-23,0.0224994,50630.2,0.0,0.0,0.0,1.0,4.4194999999999995E-21,0.0,0.0,6.62208,0.0,0.0,208.77,0.0,3801.0,878667.0,
0.0888354,3.13076,3.24665,6.51512,45603.7,0.0,0.0,0.0,0.0,0.0,0.0,0.0,0.0,8.12185E-23,0.0231233,45603.7,0.0,0.0,0.0,1.0,1.0,0.0,0.0,6.58061,0.0,0.0,236.153,0.0,3901.0,902896.0,
0.0759228,2.68906,3.68836,6.51512,45603.7,0.0,0.0,0.0,0.0,0.0,0.0,0.0,0.0,8.08132E-23,0.0230099,45603.7,0.0,0.0,0.0,1.0,1.0,0.0,0.0,6.55052,0.0,0.0,251.896,0.0,4001.0,898391.0,
0.0643712,2.29824,4.07917,6.51512,45603.7,0.0,0.0,0.0,0.0,0.0,0.0,0.0,0.0,8.0169E-23,0.0228279,45603.7,0.0,0.0,0.0,1.0,1.0,0.0,0.0,6.5278,0.0,0.0,263.09,0.0,4101.0,890338.0,
0.0544378,1.95921,4.4182,6.51512,45603.7,0.0,0.0,0.0,0.0,0.0,0.0,0.0,0.0,7.95299E-23,0.022647,45603.7,0.0,0.0,0.0,1.0,1.0,0.0,0.0,6.51148,0.0,0.0,271.293,0.0,4201.0,884124.0,
0.0461089,1.66777,4.70963,6.51512,45603.7,0.0,0.0,0.0,0.0,0.0,0.0,0.0,0.0,7.9133E-23,0.0225349,45603.7,0.0,0.0,0.0,1.0,1.0,0.0,0.0,6.49874,0.0,0.0,277.999,0.0,4301.0,879712.0,
0.0374819,1.4573,4.92009,6.51512,45603.7,0.0,0.0,0.0,0.0,0.0,0.0,0.0,0.0,7.86594E-23,0.0224006,45603.7,0.0,0.0,0.0,1.0,1.0,0.0,0.0,6.48956,0.0,0.0,281.687,0.0,4401.0,872699.0,
0.0306912,1.23881,5.13858,6.51512,45603.7,0.0,0.0,0.0,0.0,0.0,0.0,0.0,0.0,7.85022E-23,0.0223565,45603.7,0.0,0.0,0.0,1.0,1.0,0.0,0.0,6.48257,0.0,0.0,286.271,0.0,4501.0,872699.0,
0.0260777,1.05265,5.32473,6.51512,45603.7,0.0,0.0,0.0,0.0,0.0,0.0,0.0,0.0,7.85022E-23,0.0223571,45603.7,0.0,0.0,0.0,1.0,1.0,0.0,0.0,6.47649,0.0,0.0,290.32,0.0,4601.0,872699.0,
0.0221525,0.894211,5.4832,6.51512,45603.7,0.0,0.0,0.0,0.0,0.0,0.0,0.0,0.0,7.85022E-23,0.0223576,45603.7,0.0,0.0,0.0,1.0,1.0,0.0,0.0,6.47177,0.0,0.0,293.504,0.0,4701.0,872699.0,
0.0188143,0.759456,5.61796,6.51512,45603.7,0.0,0.0,0.0,0.0,0.0,0.0,0.0,0.0,7.85022E-23,0.0223581,45603.7,0.0,0.0,0.0,1.0,1.0,0.0,0.0,6.4681,0.0,0.0,296.007,0.0,4801.0,872699.0,
0.0159767,0.644914,5.73247,6.51512,45603.7,0.0,0.0,0.0,0.0,0.0,0.0,0.0,0.0,7.85022E-23,0.0223586,45603.7,0.0,0.0,0.0,1.0,1.0,0.0,0.0,6.46523,0.0,0.0,297.976,0.0,4901.0,872699.0,
0.0135656,0.547586,5.82979,6.51512,45603.7,0.0,0.0,0.0,0.0,0.0,0.0,0.0,0.0,7.85022E-23,0.0223591,45603.7,0.0,0.0,0.0,1.0,1.0,0.0,0.0,6.46298,0.0,0.0,299.524,0.0,5001.0,872699.0,
0.0115174,0.464907,5.91247,6.51512,45603.7,0.0,0.0,0.0,0.0,0.0,0.0,0.0,0.0,7.85022E-23,0.0223596,45603.7,0.0,0.0,0.0,1.0,1.0,0.0,0.0,6.46123,0.0,0.0,300.743,0.0,5101.0,872699.0,
0.00977772,0.394688,5.9827,6.51512,45603.7,0.0,0.0,0.0,0.0,0.0,0.0,0.0,0.0,7.85022E-23,0.02236,45603.7,0.0,0.0,0.0,1.0,1.0,0.0,0.0,6.45985,0.0,0.0,301.7,0.0,5201.0,872699.0,
0.0516886,3.26994,4.94195,12.2142,68817.9,0.0,0.0,0.0,0.0,0.0,0.0,0.0,0.0,1.66629E-22,0.0503962,68817.9,0.0,0.0,0.0,1.0,2.0,0.0,0.0,6.62702,0.0,0.0,381.592,0.0,5301.0,1620880.0,
0.070332,2.84274,5.36914,12.2142,68817.9,0.0,0.0,0.0,0.0,0.0,0.0,0.0,0.0,1.66295E-22,0.0503008,68817.9,0.0,0.0,0.0,1.0,2.0,0.0,0.0,6.58427,0.0,0.0,420.326,0.0,5401.0,1617640.0,
0.0605229,2.44308,5.7688,12.2142,68817.9,0.0,0.0,0.0,0.0,0.0,0.0,0.0,0.0,1.66295E-22,0.0503039,68817.9,0.0,0.0,0.0,1.0,2.0,0.0,0.0,6.55337,0.0,0.0,451.388,0.0,5501.0,1617640.0,
0.0517415,2.0886,6.12328,12.2142,68817.9,0.0,0.0,0.0,0.0,0.0,0.0,0.0,0.0,1.66295E-22,0.0503058,68817.9,0.0,0.0,0.0,1.0,2.0,0.0,0.0,6.53053,0.0,0.0,475.816,0.0,5601.0,1617640.0,
0.0441154,1.78077,6.43111,12.2142,68817.9,0.0,0.0,0.0,0.0,0.0,0.0,0.0,0.0,1.66295E-22,0.0503073,68817.9,0.0,0.0,0.0,1.0,2.0,0.0,0.0,6.51338,0.0,0.0,495.027,0.0,5701.0,1617640.0,
0.0375565,1.51601,6.69586,12.2142,68817.9,0.0,0.0,0.0,0.0,0.0,0.0,0.0,0.0,1.66295E-22,0.0503086,68817.9,0.0,0.0,0.0,1.0,2.0,0.0,0.0,6.50035,0.0,0.0,510.134,0.0,5801.0,1617640.0,
0.0319435,1.28943,6.92246,12.2142,68817.9,0.0,0.0,0.0,0.0,0.0,0.0,0.0,0.0,1.66295E-22,0.0503096,68817.9,0.0,0.0,0.0,1.0,2.0,0.0,0.0,6.49037,0.0,0.0,522.017,0.0,5901.0,1617640.0,
0.0271531,1.09607,7.11577,12.2142,68817.9,0.0,0.0,0.0,0.0,0.0,0.0,0.0,0.0,1.66295E-22,0.0503104,68817.9,0.0,0.0,0.0,1.0,2.0,0.0,0.0,6.48268,0.0,0.0,531.361,0.0,6001.0,1617640.0,
0.0230721,0.931333,7.28052,12.2142,68817.9,0.0,0.0,0.0,0.0,0.0,0.0,0.0,0.0,1.66295E-22,0.0503112,68817.9,0.0,0.0,0.0,1.0,2.0,0.0,0.0,6.47672,0.0,0.0,538.71,0.0,6101.0,1617640.0,
4.06362E-6,1.83152,0.498943,6.30245,26085.1,0.0,0.0,0.0,0.0,0.0,0.0,0.0,0.0,5.01034E-23,0.0217352,26085.1,0.0,0.0,0.0,1.0,1.7866599999999998E-21,0.0,0.0,7.17919,0.0,0.0,25.0641,0.0,6501.0,393762.0,
0.00184308,1.82963,0.498025,6.30527,26085.1,0.0,0.0,0.0,0.0,0.0,0.0,0.0,0.0,4.98534E-23,0.0244183,26085.1,0.0,0.0,0.0,1.0,1.7866599999999998E-21,0.0,0.0,6.89516,0.0,0.0,48.8775,0.0,6601.0,391797.0,
0.0239735,1.7963,0.53132,6.30529,26085.1,0.0,0.0,0.0,0.0,0.0,0.0,0.0,0.0,4.9654300000000004E-23,0.024357,26085.1,0.0,0.0,0.0,1.0,1.7866599999999998E-21,0.0,0.0,6.75562,0.0,0.0,67.4333,0.0,6701.0,389842.0,
0.0399568,1.67243,0.655185,6.30529,26085.1,0.0,0.0,0.0,0.0,0.0,0.0,0.0,0.0,4.9456000000000004E-23,0.0242645,26085.1,0.0,0.0,0.0,1.0,1.7866599999999998E-21,0.0,0.0,6.67128,0.0,0.0,81.8515,0.0,6801.0,388674.0,
0.0360931,1.48372,0.84389,6.30529,26085.1,0.0,0.0,0.0,0.0,0.0,0.0,0.0,0.0,4.9061700000000004E-23,0.0240726,26085.1,0.0,0.0,0.0,1.0,1.7866599999999998E-21,0.0,0.0,6.61456,0.0,0.0,92.6579,0.0,6901.0,385575.0,
0.0310759,1.28618,1.04143,6.30529,26085.1,0.0,0.0,0.0,0.0,0.0,0.0,0.0,0.0,4.87193E-23,0.0239055,26085.1,0.0,0.0,0.0,1.0,1.7866599999999998E-21,0.0,0.0,6.57464,0.0,0.0,100.96,0.0,7001.0,382884.0,
0.0265667,1.10397,1.22365,6.30529,26085.1,0.0,0.0,0.0,0.0,0.0,0.0,0.0,0.0,4.8524700000000004E-23,0.0238105,26085.1,0.0,0.0,0.0,1.0,1.7866599999999998E-21,0.0,0.0,6.5452,0.0,0.0,107.566,0.0,7101.0,380974.0,
0.0224945,0.943199,1.38441,6.30529,26085.1,0.0,0.0,0.0,0.0,0.0,0.0,0.0,0.0,4.8089800000000004E-23,0.0235975,26085.1,0.0,0.0,0.0,1.0,1.7866599999999998E-21,0.0,0.0,6.52409,0.0,0.0,112.065,0.0,7201.0,377936.0,
0.0191534,0.803912,1.5237,6.30529,26085.1,0.0,0.0,0.0,0.0,0.0,0.0,0.0,0.0,4.80417E-23,0.0235742,26085.1,0.0,0.0,0.0,1.0,1.7866599999999998E-21,0.0,0.0,6.50789,0.0,0.0,116.245,0.0,7301.0,377558.0,
0.0149152,0.637228,0.65771,3.76442,16336.3,0.0,0.0,0.0,0.0,0.0,0.0,0.0,0.0,1.95117E-23,0.00666146,16336.3,0.0,0.0,0.0,1.0,0.0,0.0,0.0,6.5496,0.0,0.0,41.539,0.0,7401.0,150796.0,
0.0262254,1.07635,2.62613,8.11804,19352.2,753.982,0.0,0.0,0.0,0.0,0.0,0.0,0.0,2.10376E-23,0.00691472,20106.2,0.0,0.0,0.0,1.0,0.0,0.0,0.0,6.52122,0.0,0.0,51.9804,0.0,7501.0,175929.0,
0.0228243,0.917681,2.78479,8.11804,19352.2,753.982,0.0,0.0,0.0,0.0,0.0,0.0,0.0,2.10376E-23,0.00691535,20106.2,0.0,0.0,0.0,1.0,0.0,0.0,0.0,6.5076,0.0,0.0,53.6686,0.0,7601.0,175929.0,
0.0194361,0.781427,2.92105,8.11804,19352.2,753.982,0.0,0.0,0.0,0.0,0.0,0.0,0.0,2.10376E-23,0.00691588,20106.2,0.0,0.0,0.0,1.0,0.0,0.0,0.0,6.49718,0.0,0.0,54.9962,0.0,7701.0,175929.0,
0.0165372,0.664874,3.0376,8.11804,19352.2,753.982,0.0,0.0,0.0,0.0,0.0,0.0,0.0,2.10376E-23,0.00691636,20106.2,0.0,0.0,0.0,1.0,0.0,0.0,0.0,6.48916,0.0,0.0,56.0403,0.0,7801.0,175929.0,
0.00464355,0.458995,2.46648,6.41439,0.0,10473.2,0.0,0.0,0.0,0.0,0.0,0.0,0.0,6.761150000000001E-24,0.00222292,10473.2,0.0,0.0,0.0,1.0,0.0,0.0,0.0,6.61567,0.0,0.0,20.4611,0.0,7901.0,88577.1,
0.00977004,0.459536,2.64151,6.79953,0.0,23983.9,0.0,0.0,0.0,0.0,0.0,0.0,0.0,1.05188E-23,0.00350294,23983.9,0.0,0.0,0.0,1.0,0.0,0.0,0.0,6.78133,0.0,0.0,32.4444,0.0,8001.0,202140.0,
5.02416E-6,2.26219,0.691991,12.7659,46194.3,0.0,0.0,0.0,0.0,0.0,0.0,0.0,0.0,1.05718E-22,0.030175,46194.3,0.0,0.0,0.0,1.0,3.4028099999999996E-21,0.0,0.0,7.18715,0.0,0.0,47.5786,0.0,8601.0,747469.0,
0.00118456,2.01501,0.61428,11.3803,41167.7,0.0,0.0,0.0,0.0,0.0,0.0,0.0,0.0,1.09273E-22,0.0351792,41167.7,0.0,0.0,0.0,1.0,1.0,0.0,0.0,6.93236,0.0,0.0,89.2818,0.0,8701.0,772602.0,
0.0173242,1.99815,0.631065,11.3803,41167.7,0.0,0.0,0.0,0.0,0.0,0.0,0.0,0.0,1.09054E-22,0.0351911,41167.7,0.0,0.0,0.0,1.0,1.0,0.0,0.0,6.79766,0.0,0.0,121.866,0.0,8801.0,771057.0,
0.0430639,1.89791,0.7313,11.3803,41167.7,0.0,0.0,0.0,0.0,0.0,0.0,0.0,0.0,1.08402E-22,0.0349905,41167.7,0.0,0.0,0.0,1.0,1.0,0.0,0.0,6.69833,0.0,0.0,152.514,0.0,8901.0,766442.0,
0.0419589,1.70584,0.923368,11.3803,41167.7,0.0,0.0,0.0,0.0,0.0,0.0,0.0,0.0,1.07969E-22,0.0348534,41167.7,0.0,0.0,0.0,1.0,1.0,0.0,0.0,6.63315,0.0,0.0,176.483,0.0,9001.0,762618.0,
0.0364,1.48708,1.14213,11.3803,41167.7,0.0,0.0,0.0,0.0,0.0,0.0,0.0,0.0,1.07323E-22,0.034646,41167.7,0.0,0.0,0.0,1.0,1.0,0.0,0.0,6.58868,0.0,0.0,194.641,0.0,9101.0,758812.0,
0.031195,1.27954,1.34966,11.3803,41167.7,0.0,0.0,0.0,0.0,0.0,0.0,0.0,0.0,1.0689399999999999E-22,0.0345084,41167.7,0.0,0.0,0.0,1.0,1.0,0.0,0.0,6.55636,0.0,0.0,208.913,0.0,9201.0,755782.0,
0.0265776,1.09451,1.53469,11.3803,41167.7,0.0,0.0,0.0,0.0,0.0,0.0,0.0,0.0,1.06467E-22,0.034371,41167.7,0.0,0.0,0.0,1.0,1.0,0.0,0.0,6.53253,0.0,0.0,219.868,0.0,9301.0,752763.0,
0.0237872,0.958591,1.67061,11.3803,41167.7,0.0,0.0,0.0,0.0,0.0,0.0,0.0,0.0,1.06254E-22,0.0343026,41167.7,0.0,0.0,0.0,1.0,1.0,0.0,0.0,6.51586,0.0,0.0,227.133,0.0,9401.0,748258.0,
0.020263,0.816303,1.8129,11.3803,41167.7,0.0,0.0,0.0,0.0,0.0,0.0,0.0,0.0,1.06254E-22,0.034303,41167.7,0.0,0.0,0.0,1.0,1.0,0.0,0.0,6.50203,0.0,0.0,234.516,0.0,9501.0,748258.0,
0.0172375,0.694422,1.93478,11.3803,41167.7,0.0,0.0,0.0,0.0,0.0,0.0,0.0,0.0,1.06254E-22,0.0343033,41167.7,0.0,0.0,0.0,1.0,1.0,0.0,0.0,6.49145,0.0,0.0,240.322,0.0,9601.0,748258.0,
0.0146543,0.590354,2.03885,11.3803,41167.7,0.0,0.0,0.0,0.0,0.0,0.0,0.0,0.0,1.06254E-22,0.0343035,41167.7,0.0,0.0,0.0,1.0,1.0,0.0,0.0,6.48331,0.0,0.0,244.888,0.0,9701.0,748258.0,
0.0124527,0.501662,2.12754,11.3803,41167.7,0.0,0.0,0.0,0.0,0.0,0.0,0.0,0.0,1.06254E-22,0.0343037,41167.7,0.0,0.0,0.0,1.0,1.0,0.0,0.0,6.47702,0.0,0.0,248.479,0.0,9801.0,748258.0,
0.0105787,0.426169,2.20303,11.3803,41167.7,0.0,0.0,0.0,0.0,0.0,0.0,0.0,0.0,1.06254E-22,0.0343039,41167.7,0.0,0.0,0.0,1.0,1.0,0.0,0.0,6.47213,0.0,0.0,251.303,0.0,9901.0,748258.0,
0.00898478,0.361956,2.26724,11.3803,41167.7,0.0,0.0,0.0,0.0,0.0,0.0,0.0,0.0,1.06254E-22,0.0343042,41167.7,0.0,0.0,0.0,1.0,1.0,0.0,0.0,6.46832,0.0,0.0,253.525,0.0,10001.0,748258.0,
0.00762983,0.307371,2.32183,11.3803,41167.7,0.0,0.0,0.0,0.0,0.0,0.0,0.0,0.0,1.06254E-22,0.0343044,41167.7,0.0,0.0,0.0,1.0,1.0,0.0,0.0,6.46535,0.0,0.0,255.271,0.0,10101.0,748258.0,
0.00648999,0.260987,2.36822,11.3803,41167.7,0.0,0.0,0.0,0.0,0.0,0.0,0.0,0.0,1.06254E-22,0.0343045,41167.7,0.0,0.0,0.0,1.0,1.0,0.0,0.0,6.46303,0.0,0.0,256.645,0.0,10201.0,748258.0,
2.08856E-7,0.632231,0.150974,4.91567,20099.2,0.0,0.0,0.0,0.0,0.0,0.0,0.0,0.0,3.19251E-23,0.0047001,20099.2,0.0,0.0,0.0,1.0,9.72308E-22,0.0,0.0,7.24674,0.0,0.0,11.0743,0.0,10301.0,213111.0,
1.45773E-4,0.632084,0.148498,4.91828,20099.2,0.0,0.0,0.0,0.0,0.0,0.0,0.0,0.0,3.19251E-23,0.00732249,20099.2,0.0,0.0,0.0,1.0,9.72308E-22,0.0,0.0,6.95591,0.0,0.0,22.5883,0.0,10401.0,213111.0,
0.00469357,0.626622,0.153929,4.91833,20099.2,0.0,0.0,0.0,0.0,0.0,0.0,0.0,0.0,3.19251E-23,0.00735401,20099.2,0.0,0.0,0.0,1.0,9.72308E-22,0.0,0.0,6.7885,0.0,0.0,33.6822,0.0,10501.0,213111.0,
0.0134975,0.595184,0.185364,4.91833,20099.2,0.0,0.0,0.0,0.0,0.0,0.0,0.0,0.0,3.19251E-23,0.00735648,20099.2,0.0,0.0,0.0,1.0,9.72308E-22,0.0,0.0,6.69105,0.0,0.0,42.4069,0.0,10601.0,213111.0,
0.0130172,0.523621,0.256926,4.91833,20099.2,0.0,0.0,0.0,0.0,0.0,0.0,0.0,0.0,3.19251E-23,0.00735725,20099.2,0.0,0.0,0.0,1.0,9.72308E-22,0.0,0.0,6.61883,0.0,0.0,50.2601,0.0,10701.0,213111.0,
0.0113194,0.455095,0.325452,4.91833,20099.2,0.0,0.0,0.0,0.0,0.0,0.0,0.0,0.0,3.19251E-23,0.00735755,20099.2,0.0,0.0,0.0,1.0,9.72308E-22,0.0,0.0,6.57698,0.0,0.0,55.4444,0.0,10801.0,213111.0,
0.00972693,0.391069,0.389478,4.91833,20099.2,0.0,0.0,0.0,0.0,0.0,0.0,0.0,0.0,3.19251E-23,0.00735774,20099.2,0.0,0.0,0.0,1.0,9.72308E-22,0.0,0.0,6.5467,0.0,0.0,59.5214,0.0,10901.0,213111.0,
0.00853728,0.343239,0.437308,4.91833,20099.2,0.0,0.0,0.0,0.0,0.0,0.0,0.0,0.0,3.19251E-23,0.00735787,20099.2,0.0,0.0,0.0,1.0,9.72308E-22,0.0,0.0,6.52758,0.0,0.0,62.2456,0.0,11001.0,213111.0,
0.00708939,0.285028,0.495521,4.91833,20099.2,0.0,0.0,0.0,0.0,0.0,0.0,0.0,0.0,3.19251E-23,0.00735799,20099.2,0.0,0.0,0.0,1.0,9.72308E-22,0.0,0.0,6.50742,0.0,0.0,65.2496,0.0,11101.0,213111.0,
0.00619984,0.249264,0.531283,4.91833,20099.2,0.0,0.0,0.0,0.0,0.0,0.0,0.0,0.0,3.19251E-23,0.00735808,20099.2,0.0,0.0,0.0,1.0,9.72308E-22,0.0,0.0,6.49652,0.0,0.0,66.9343,0.0,11201.0,213111.0,
0.00527383,0.212034,0.568513,4.91833,20099.2,0.0,0.0,0.0,0.0,0.0,0.0,0.0,0.0,3.19251E-23,0.00735816,20099.2,0.0,0.0,0.0,1.0,9.72308E-22,0.0,0.0,6.48626,0.0,0.0,68.5578,0.0,11301.0,213111.0,
0.00448332,0.180251,0.600296,4.91833,20099.2,0.0,0.0,0.0,0.0,0.0,0.0,0.0,0.0,3.19251E-23,0.00735823,20099.2,0.0,0.0,0.0,1.0,9.72308E-22,0.0,0.0,6.47836,0.0,0.0,69.8343,0.0,11401.0,213111.0,
0.00380968,0.153167,0.627379,4.91833,20099.2,0.0,0.0,0.0,0.0,0.0,0.0,0.0,0.0,3.19251E-23,0.00735829,20099.2,0.0,0.0,0.0,1.0,9.72308E-22,0.0,0.0,6.47225,0.0,0.0,70.8383,0.0,11501.0,213111.0,
0.0032363,0.130115,0.650431,4.91833,20099.2,0.0,0.0,0.0,0.0,0.0,0.0,0.0,0.0,3.19251E-23,0.00735836,20099.2,0.0,0.0,0.0,1.0,9.72308E-22,0.0,0.0,6.4675,0.0,0.0,71.6278,0.0,11601.0,213111.0,
0.00274864,0.110509,0.670038,4.91833,20099.2,0.0,0.0,0.0,0.0,0.0,0.0,0.0,0.0,3.19251E-23,0.00735842,20099.2,0.0,0.0,0.0,1.0,9.72308E-22,0.0,0.0,6.4638,0.0,0.0,72.2488,0.0,11701.0,213111.0,
0.0023341,0.0938424,0.686704,4.91833,20099.2,0.0,0.0,0.0,0.0,0.0,0.0,0.0,0.0,3.19251E-23,0.00735848,20099.2,0.0,0.0,0.0,1.0,9.72308E-22,0.0,0.0,6.46092,0.0,0.0,72.7373,0.0,11801.0,213111.0,
0.00203666,0.0818834,0.698665,4.91833,20099.2,0.0,0.0,0.0,0.0,0.0,0.0,0.0,0.0,3.19251E-23,0.00735853,20099.2,0.0,0.0,0.0,1.0,9.72308E-22,0.0,0.0,6.459,0.0,0.0,73.0636,0.0,11901.0,213111.0,
0.00172918,0.0695214,0.711026,4.91833,20099.2,0.0,0.0,0.0,0.0,0.0,0.0,0.0,0.0,3.19251E-23,0.00735859,20099.2,0.0,0.0,0.0,1.0,9.72308E-22,0.0,0.0,6.45716,0.0,0.0,73.3779,0.0,12001.0,213111.0,
0.00150864,0.0606546,0.719894,4.91833,20099.2,0.0,0.0,0.0,0.0,0.0,0.0,0.0,0.0,3.19251E-23,0.00735863,20099.2,0.0,0.0,0.0,1.0,9.72308E-22,0.0,0.0,6.45594,0.0,0.0,73.5878,0.0,12101.0,213111.0,
0.00128074,0.0514918,0.729057,4.91833,20099.2,0.0,0.0,0.0,0.0,0.0,0.0,0.0,0.0,3.19251E-23,0.0073587,20099.2,0.0,0.0,0.0,1.0,9.72308E-22,0.0,0.0,6.45476,0.0,0.0,73.7903,0.0,12201.0,213111.0,
0.00108721,0.0437113,0.736837,4.91833,20099.2,0.0,0.0,0.0,0.0,0.0,0.0,0.0,0.0,3.19251E-23,0.00735874,20099.2,0.0,0.0,0.0,1.0,9.72308E-22,0.0,0.0,6.45384,0.0,0.0,73.9495,0.0,12301.0,213111.0,
9.22906E-4,0.0371053,0.743444,4.91833,20099.2,0.0,0.0,0.0,0.0,0.0,0.0,0.0,0.0,3.19251E-23,0.0073588,20099.2,0.0,0.0,0.0,1.0,9.72308E-22,0.0,0.0,6.45311,0.0,0.0,74.0746,0.0,12401.0,213111.0,
7.83408E-4,0.0314968,0.749052,4.91833,20099.2,0.0,0.0,0.0,0.0,0.0,0.0,0.0,0.0,3.19251E-23,0.00735885,20099.2,0.0,0.0,0.0,1.0,9.72308E-22,0.0,0.0,6.45254,0.0,0.0,74.173,0.0,12501.0,213111.0,
6.64985E-4,0.0267355,0.753813,4.91833,20099.2,0.0,0.0,0.0,0.0,0.0,0.0,0.0,0.0,3.19251E-23,0.00735891,20099.2,0.0,0.0,0.0,1.0,9.72308E-22,0.0,0.0,6.4521,0.0,0.0,74.2504,0.0,12601.0,213111.0,
5.64452E-4,0.0226938,0.757855,4.91833,20099.2,0.0,0.0,0.0,0.0,0.0,0.0,0.0,0.0,3.19251E-23,0.00735897,20099.2,0.0,0.0,0.0,1.0,9.72308E-22,0.0,0.0,6.45175,0.0,0.0,74.3113,0.0,12701.0,213111.0,
4.79114E-4,0.0192627,0.761286,4.91833,20099.2,0.0,0.0,0.0,0.0,0.0,0.0,0.0,0.0,3.19251E-23,0.00735904,20099.2,0.0,0.0,0.0,1.0,9.72308E-22,0.0,0.0,6.45147,0.0,0.0,74.3593,0.0,12801.0,213111.0,
4.06673E-4,0.0163503,0.764198,4.91833,20099.2,0.0,0.0,0.0,0.0,0.0,0.0,0.0,0.0,3.19251E-23,0.00735908,20099.2,0.0,0.0,0.0,1.0,9.72308E-22,0.0,0.0,6.45125,0.0,0.0,74.3968,0.0,12901.0,213111.0,
3.45184E-4,0.013878,0.76667,4.91833,20099.2,0.0,0.0,0.0,0.0,0.0,0.0,0.0,0.0,3.19251E-23,0.00735914,20099.2,0.0,0.0,0.0,1.0,9.72308E-22,0.0,0.0,6.45108,0.0,0.0,74.4264,0.0,13001.0,213111.0,
2.92989E-4,0.0117796,0.768769,4.91833,20099.2,0.0,0.0,0.0,0.0,0.0,0.0,0.0,0.0,3.19251E-23,0.00735919,20099.2,0.0,0.0,0.0,1.0,9.72308E-22,0.0,0.0,6.45095,0.0,0.0,74.4498,0.0,13101.0,213111.0,
2.48685E-4,0.00999837,0.77055,4.91833,20099.2,0.0,0.0,0.0,0.0,0.0,0.0,0.0,0.0,3.19251E-23,0.00735925,20099.2,0.0,0.0,0.0,1.0,9.72308E-22,0.0,0.0,6.45084,0.0,0.0,74.4682,0.0,13201.0,213111.0,
2.11081E-4,0.00848647,0.772061,4.91833,20099.2,0.0,0.0,0.0,0.0,0.0,0.0,0.0,0.0,3.19251E-23,0.00735931,20099.2,0.0,0.0,0.0,1.0,9.72308E-22,0.0,0.0,6.45076,0.0,0.0,74.4825,0.0,13301.0,213111.0,
1.79162E-4,0.00720318,0.773345,4.91833,20099.2,0.0,0.0,0.0,0.0,0.0,0.0,0.0,0.0,3.19251E-23,0.00735936,20099.2,0.0,0.0,0.0,1.0,9.72308E-22,0.0,0.0,6.45069,0.0,0.0,74.494,0.0,13401.0,213111.0,
1.5207E-4,0.00611394,0.774435,4.91833,20099.2,0.0,0.0,0.0,0.0,0.0,0.0,0.0,0.0,3.19251E-23,0.00735942,20099.2,0.0,0.0,0.0,1.0,9.72308E-22,0.0,0.0,6.45064,0.0,0.0,74.5029,0.0,13501.0,213111.0,
1.29074E-4,0.00518938,0.775359,4.91833,20099.2,0.0,0.0,0.0,0.0,0.0,0.0,0.0,0.0,3.19251E-23,0.00735946,20099.2,0.0,0.0,0.0,1.0,9.72308E-22,0.0,0.0,6.4506,0.0,0.0,74.5099,0.0,13601.0,213111.0,
1.09555E-4,0.00440463,0.776143,4.91833,20099.2,0.0,0.0,0.0,0.0,0.0,0.0,0.0,0.0,3.19251E-23,0.00735953,20099.2,0.0,0.0,0.0,1.0,9.72308E-22,0.0,0.0,6.45057,0.0,0.0,74.5153,0.0,13701.0,213111.0,
9.29875E-5,0.00373854,0.776808,4.91833,20099.2,0.0,0.0,0.0,0.0,0.0,0.0,0.0,0.0,3.19251E-23,0.00735957,20099.2,0.0,0.0,0.0,1.0,9.72308E-22,0.0,0.0,6.45055,0.0,0.0,74.5197,0.0,13801.0,213111.0,
7.89252E-5,0.00317318,0.777375,4.91833,20099.2,0.0,0.0,0.0,0.0,0.0,0.0,0.0,0.0,3.19251E-23,0.00735963,20099.2,0.0,0.0,0.0,1.0,9.72308E-22,0.0,0.0,6.45053,0.0,0.0,74.5232,0.0,13901.0,213111.0,
6.69905E-5,0.00269335,0.777854,4.91833,20099.2,0.0,0.0,0.0,0.0,0.0,0.0,0.0,0.0,3.19251E-23,0.0073597,20099.2,0.0,0.0,0.0,1.0,9.72308E-22,0.0,0.0,6.45051,0.0,0.0,74.5257,0.0,14001.0,213111.0,
5.84352E-5,0.00234937,0.778199,4.91833,20099.2,0.0,0.0,0.0,0.0,0.0,0.0,0.0,0.0,3.19251E-23,0.00735974,20099.2,0.0,0.0,0.0,1.0,9.72308E-22,0.0,0.0,6.4505,0.0,0.0,74.5276,0.0,14101.0,213111.0,
4.95981E-5,0.00199408,0.778555,4.91833,20099.2,0.0,0.0,0.0,0.0,0.0,0.0,0.0,0.0,3.19251E-23,0.0073598,20099.2,0.0,0.0,0.0,1.0,9.72308E-22,0.0,0.0,6.45049,0.0,0.0,74.5293,0.0,14201.0,213111.0,
4.20977E-5,0.00169253,0.778857,4.91833,20099.2,0.0,0.0,0.0,0.0,0.0,0.0,0.0,0.0,3.19251E-23,0.00735985,20099.2,0.0,0.0,0.0,1.0,9.72308E-22,0.0,0.0,6.45048,0.0,0.0,74.5306,0.0,14301.0,213111.0,
3.57317E-5,0.00143658,0.779112,4.91833,20099.2,0.0,0.0,0.0,0.0,0.0,0.0,0.0,0.0,3.19251E-23,0.00735991,20099.2,0.0,0.0,0.0,1.0,9.72308E-22,0.0,0.0,6.45048,0.0,0.0,74.5317,0.0,14401.0,213111.0,
3.0328E-5,0.00121933,0.779329,4.91833,20099.2,0.0,0.0,0.0,0.0,0.0,0.0,0.0,0.0,3.19251E-23,0.00735995,20099.2,0.0,0.0,0.0,1.0,9.72308E-22,0.0,0.0,6.45047,0.0,0.0,74.5325,0.0,14501.0,213111.0,
2.57417E-5,0.00103494,0.779514,4.91833,20099.2,0.0,0.0,0.0,0.0,0.0,0.0,0.0,0.0,3.19251E-23,0.00736002,20099.2,0.0,0.0,0.0,1.0,9.72308E-22,0.0,0.0,6.45047,0.0,0.0,74.5332,0.0,14601.0,213111.0,
2.1849E-5,8.78432E-4,0.779669,4.91833,20099.2,0.0,0.0,0.0,0.0,0.0,0.0,0.0,0.0,3.19251E-23,0.00736006,20099.2,0.0,0.0,0.0,1.0,9.72308E-22,0.0,0.0,6.45046,0.0,0.0,74.5338,0.0,14701.0,213111.0,
1.85448E-5,7.4559E-4,0.779801,4.91833,20099.2,0.0,0.0,0.0,0.0,0.0,0.0,0.0,0.0,3.19251E-23,0.00736012,20099.2,0.0,0.0,0.0,1.0,9.72308E-22,0.0,0.0,6.45046,0.0,0.0,74.534,0.0,14801.0,213111.0,
1.57404E-5,6.32838E-4,0.779914,4.91833,20099.2,0.0,0.0,0.0,0.0,0.0,0.0,0.0,0.0,3.19251E-23,0.00736019,20099.2,0.0,0.0,0.0,1.0,9.72308E-22,0.0,0.0,6.45046,0.0,0.0,74.5345,0.0,14901.0,213111.0,
1.336E-5,5.37138E-4,0.78001,4.91833,20099.2,0.0,0.0,0.0,0.0,0.0,0.0,0.0,0.0,3.19251E-23,0.00736023,20099.2,0.0,0.0,0.0,1.0,9.72308E-22,0.0,0.0,6.45046,0.0,0.0,74.5347,0.0,15001.0,213111.0,
1.13396E-5,4.55909E-4,0.780091,4.91833,18089.2,2009.92,0.0,0.0,0.0,0.0,0.0,0.0,0.0,3.19251E-23,0.00736029,20099.2,0.0,0.0,0.0,1.0,9.72308E-22,0.0,0.0,6.45046,0.0,0.0,74.5349,0.0,15101.0,213111.0,
9.89203E-6,3.97708E-4,0.780151,4.91833,18089.2,2009.92,0.0,0.0,0.0,0.0,0.0,0.0,0.0,3.19251E-23,0.00736034,20099.2,0.0,0.0,0.0,1.0,9.72308E-22,0.0,0.0,6.45501,0.0,0.0,73.7481,0.0,15201.0,213111.0,
8.63071E-6,3.46996E-4,0.780201,4.91833,18089.2,2009.92,0.0,0.0,0.0,0.0,0.0,0.0,0.0,3.19251E-23,0.00736038,20099.2,0.0,0.0,0.0,1.0,9.72308E-22,0.0,0.0,6.45981,0.0,0.0,72.9261,0.0,15301.0,213111.0,
7.32907E-6,2.94664E-4,0.780253,4.91833,18089.2,2009.92,0.0,0.0,0.0,0.0,0.0,0.0,0.0,3.19251E-23,0.00736044,20099.2,0.0,0.0,0.0,1.0,9.72308E-22,0.0,0.0,6.46448,0.0,0.0,72.1344,0.0,15401.0,213111.0,
6.22495E-6,2.50273E-4,0.780298,4.91833,18089.2,2009.92,0.0,0.0,0.0,0.0,0.0,0.0,0.0,3.19251E-23,0.00736053,20099.2,0.0,0.0,0.0,1.0,9.72308E-22,0.0,0.0,6.4682,0.0,0.0,71.5115,0.0,15501.0,213111.0,
5.28805E-6,2.12605E-4,0.780334,4.91833,18089.2,2009.92,0.0,0.0,0.0,0.0,0.0,0.0,0.0,3.19251E-23,0.00736059,20099.2,0.0,0.0,0.0,1.0,9.72308E-22,0.0,0.0,6.47114,0.0,0.0,71.0217,0.0,15601.0,213111.0,
4.49278E-6,1.80631E-4,0.780366,4.91833,18089.2,2009.92,0.0,0.0,0.0,0.0,0.0,0.0,0.0,3.19251E-23,0.00736068,20099.2,0.0,0.0,0.0,1.0,9.72308E-22,0.0,0.0,6.47347,0.0,0.0,70.6367,0.0,15701.0,213111.0,
3.81754E-6,1.53483E-4,0.780394,4.91833,18089.2,2009.92,0.0,0.0,0.0,0.0,0.0,0.0,0.0,3.19251E-23,0.00736076,20099.2,0.0,0.0,0.0,1.0,9.72308E-22,0.0,0.0,6.47531,0.0,0.0,70.3336,0.0,15801.0,213111.0,
3.24408E-6,1.30428E-4,0.780416,4.91833,18089.2,2009.92,0.0,0.0,0.0,0.0,0.0,0.0,0.0,3.19251E-23,0.00736085,20099.2,0.0,0.0,0.0,1.0,9.72308E-22,0.0,0.0,6.47676,0.0,0.0,70.0954,0.0,15901.0,213111.0,
2.75699E-6,1.10844E-4,0.780436,4.91833,18089.2,2009.92,0.0,0.0,0.0,0.0,0.0,0.0,0.0,3.19251E-23,0.00736096,20099.2,0.0,0.0,0.0,1.0,9.72308E-22,0.0,0.0,6.47791,0.0,0.0,69.908,0.0,16001.0,213111.0,
7.33276E-5,0.00302405,2.93655,11.5438,55419.7,5030.97,0.0,0.0,0.0,0.0,0.0,0.0,0.0,1.30007E-22,0.0402456,60450.7,0.0,0.0,0.0,1.0,6.0,0.0,0.0,6.47467,0.0,0.0,401.926,0.0,16101.0,1201970.0,
6.38955E-5,0.002569,2.937,11.5438,55419.7,5030.97,0.0,0.0,0.0,0.0,0.0,0.0,0.0,1.30007E-22,0.040246,60450.7,0.0,0.0,0.0,1.0,6.0,0.0,0.0,6.47617,0.0,0.0,400.539,0.0,16201.0,1201970.0,
5.42865E-5,0.00218258,2.93739,11.5438,55419.7,5030.97,0.0,0.0,0.0,0.0,0.0,0.0,0.0,1.30007E-22,0.0402462,60450.7,0.0,0.0,0.0,1.0,6.0,0.0,0.0,6.47735,0.0,0.0,399.449,0.0,16301.0,1201970.0,
4.61235E-5,0.00185439,2.93772,11.5438,55419.7,5030.97,0.0,0.0,0.0,0.0,0.0,0.0,0.0,1.30007E-22,0.0402466,60450.7,0.0,0.0,0.0,1.0,6.0,0.0,0.0,6.47828,0.0,0.0,398.59,0.0,16401.0,1201970.0,
3.91898E-5,0.00157562,2.938,11.5438,55419.7,5030.97,0.0,0.0,0.0,0.0,0.0,0.0,0.0,1.30007E-22,0.0402469,60450.7,0.0,0.0,0.0,1.0,6.0,0.0,0.0,6.47901,0.0,0.0,397.916,0.0,16501.0,1201970.0,
3.32995E-5,0.0013388,2.93823,11.5438,55419.7,5030.97,0.0,0.0,0.0,0.0,0.0,0.0,0.0,1.30007E-22,0.0402473,60450.7,0.0,0.0,0.0,1.0,6.0,0.0,0.0,6.47959,0.0,0.0,397.385,0.0,16601.0,1201970.0,
2.82954E-5,0.00113761,2.93844,11.5438,55419.7,5030.97,0.0,0.0,0.0,0.0,0.0,0.0,0.0,1.30007E-22,0.0402476,60450.7,0.0,0.0,0.0,1.0,6.0,0.0,0.0,6.48005,0.0,0.0,396.968,0.0,16701.0,1201970.0,
2.40439E-5,9.66679E-4,2.93861,11.5438,55419.7,5030.97,0.0,0.0,0.0,0.0,0.0,0.0,0.0,1.30007E-22,0.0402479,60450.7,0.0,0.0,0.0,1.0,6.0,0.0,0.0,6.48041,0.0,0.0,396.64,0.0,16801.0,1201970.0,
2.04315E-5,8.21447E-4,2.93875,11.5438,55419.7,5030.97,0.0,0.0,0.0,0.0,0.0,0.0,0.0,1.30007E-22,0.0402482,60450.7,0.0,0.0,0.0,1.0,6.0,0.0,0.0,6.48069,0.0,0.0,396.381,0.0,16901.0,1201970.0,
1.7362E-5,6.98043E-4,2.93888,11.5438,55419.7,5030.97,0.0,0.0,0.0,0.0,0.0,0.0,0.0,1.30007E-22,0.0402486,60450.7,0.0,0.0,0.0,1.0,6.0,0.0,0.0,6.48091,0.0,0.0,396.178,0.0,17001.0,1201970.0,
1.4754E-5,5.9318E-4,2.93898,11.5438,55419.7,5030.97,0.0,0.0,0.0,0.0,0.0,0.0,0.0,1.30007E-22,0.040249,60450.7,0.0,0.0,0.0,1.0,6.0,0.0,0.0,6.48108,0.0,0.0,396.018,0.0,17101.0,1201970.0,
1.25378E-5,5.04078E-4,2.93907,11.5438,55419.7,5030.97,0.0,0.0,0.0,0.0,0.0,0.0,0.0,1.30007E-22,0.0402492,60450.7,0.0,0.0,0.0,1.0,6.0,0.0,0.0,6.48122,0.0,0.0,395.893,0.0,17201.0,1201970.0,
1.06545E-5,4.28362E-4,2.93914,11.5438,55419.7,5030.97,0.0,0.0,0.0,0.0,0.0,0.0,0.0,1.30007E-22,0.0402496,60450.7,0.0,0.0,0.0,1.0,6.0,0.0,0.0,6.48133,0.0,0.0,395.795,0.0,17301.0,1201970.0,
9.05419E-6,3.64022E-4,2.93921,11.5438,55419.7,5030.97,0.0,0.0,0.0,0.0,0.0,0.0,0.0,1.30007E-22,0.0402499,60450.7,0.0,0.0,0.0,1.0,6.0,0.0,0.0,6.48142,0.0,0.0,395.717,0.0,17401.0,1201970.0,
7.69426E-6,3.09347E-4,2.93926,11.5438,55419.7,5030.97,0.0,0.0,0.0,0.0,0.0,0.0,0.0,1.30007E-22,0.0402503,60450.7,0.0,0.0,0.0,1.0,6.0,0.0,0.0,6.48148,0.0,0.0,395.655,0.0,17501.0,1201970.0,
6.7184E-6,2.70113E-4,2.9393,11.5438,55419.7,5030.97,0.0,0.0,0.0,0.0,0.0,0.0,0.0,1.30007E-22,0.0402504,60450.7,0.0,0.0,0.0,1.0,6.0,0.0,0.0,6.48153,0.0,0.0,395.614,0.0,17601.0,1201970.0,
5.70936E-6,2.29543E-4,2.93934,11.5438,55419.7,5030.97,0.0,0.0,0.0,0.0,0.0,0.0,0.0,1.30007E-22,0.0402508,60450.7,0.0,0.0,0.0,1.0,6.0,0.0,0.0,6.48157,0.0,0.0,395.575,0.0,17701.0,1201970.0,
4.85187E-6,1.95068E-4,2.93938,11.5438,55419.7,5030.97,0.0,0.0,0.0,0.0,0.0,0.0,0.0,1.30007E-22,0.0402511,60450.7,0.0,0.0,0.0,1.0,6.0,0.0,0.0,6.4816,0.0,0.0,395.545,0.0,17801.0,1201970.0,
4.12317E-6,1.65771E-4,2.9394,11.5438,55419.7,5030.97,0.0,0.0,0.0,0.0,0.0,0.0,0.0,1.30007E-22,0.0402515,60450.7,0.0,0.0,0.0,1.0,6.0,0.0,0.0,6.48163,0.0,0.0,395.519,0.0,17901.0,1201970.0,
3.50391E-6,1.40874E-4,2.93943,11.5438,55419.7,5030.97,0.0,0.0,0.0,0.0,0.0,0.0,0.0,1.30007E-22,0.0402519,60450.7,0.0,0.0,0.0,1.0,6.0,0.0,0.0,6.48165,0.0,0.0,395.501,0.0,18001.0,1201970.0,
2.97768E-6,1.19717E-4,2.93945,11.5438,55419.7,5030.97,0.0,0.0,0.0,0.0,0.0,0.0,0.0,1.30007E-22,0.0402521,60450.7,0.0,0.0,0.0,1.0,6.0,0.0,0.0,6.48167,0.0,0.0,395.486,0.0,18101.0,1201970.0,
2.53047E-6,1.01737E-4,2.93947,11.5438,55419.7,5030.97,0.0,0.0,0.0,0.0,0.0,0.0,0.0,1.30007E-22,0.0402525,60450.7,0.0,0.0,0.0,1.0,6.0,0.0,0.0,6.48168,0.0,0.0,395.474,0.0,18201.0,1201970.0,
2.20955E-6,8.88347E-5,2.93948,11.5438,55419.7,5030.97,0.0,0.0,0.0,0.0,0.0,0.0,0.0,1.30007E-22,0.0402527,60450.7,0.0,0.0,0.0,1.0,6.0,0.0,0.0,6.48169,0.0,0.0,395.467,0.0,18301.0,1201970.0,
1.8777E-6,7.54927E-5,2.93949,11.5438,55419.7,5030.97,0.0,0.0,0.0,0.0,0.0,0.0,0.0,1.30007E-22,0.0402531,60450.7,0.0,0.0,0.0,1.0,6.0,0.0,0.0,6.4817,0.0,0.0,395.458,0.0,18401.0,1201970.0,
1.59571E-6,6.41545E-5,2.9395,11.5438,55419.7,5030.97,0.0,0.0,0.0,0.0,0.0,0.0,0.0,1.30007E-22,0.0402534,60450.7,0.0,0.0,0.0,1.0,6.0,0.0,0.0,6.4817,0.0,0.0,395.452,0.0,18501.0,1201970.0,
1.35606E-6,5.45198E-5,2.93951,11.5438,55419.7,5030.97,0.0,0.0,0.0,0.0,0.0,0.0,0.0,1.30007E-22,0.0402538,60450.7,0.0,0.0,0.0,1.0,6.0,0.0,0.0,6.48171,0.0,0.0,395.448,0.0,18601.0,1201970.0,
1.15239E-6,4.63318E-5,2.93952,11.5438,55419.7,5030.97,0.0,0.0,0.0,0.0,0.0,0.0,0.0,1.30007E-22,0.0402541,60450.7,0.0,0.0,0.0,1.0,6.0,0.0,0.0,6.48171,0.0,0.0,395.445,0.0,18701.0,1201970.0,
9.79322E-7,3.93735E-5,2.93952,11.5438,55419.7,5030.97,0.0,0.0,0.0,0.0,0.0,0.0,0.0,1.30007E-22,0.0402544,60450.7,0.0,0.0,0.0,1.0,6.0,0.0,0.0,6.48172,0.0,0.0,395.441,0.0,18801.0,1201970.0,
8.32244E-7,3.34602E-5,2.93953,11.5438,55419.7,5030.97,0.0,0.0,0.0,0.0,0.0,0.0,0.0,1.30007E-22,0.0402547,60450.7,0.0,0.0,0.0,1.0,6.0,0.0,0.0,6.48172,0.0,0.0,395.439,0.0,18901.0,1201970.0,
7.07253E-7,2.8435E-5,2.93954,11.5438,55419.7,5030.97,0.0,0.0,0.0,0.0,0.0,0.0,0.0,1.30007E-22,0.0402551,60450.7,0.0,0.0,0.0,1.0,6.0,0.0,0.0,6.48172,0.0,0.0,395.438,0.0,19001.0,1201970.0,
6.01035E-7,2.41645E-5,2.93954,11.5438,55419.7,5030.97,0.0,0.0,0.0,0.0,0.0,0.0,0.0,1.30007E-22,0.0402555,60450.7,0.0,0.0,0.0,1.0,6.0,0.0,0.0,6.48172,0.0,0.0,395.436,0.0,19101.0,1201970.0,
5.1077E-7,2.05354E-5,2.93954,11.5438,55419.7,5030.97,0.0,0.0,0.0,0.0,0.0,0.0,0.0,1.30007E-22,0.0402557,60450.7,0.0,0.0,0.0,1.0,6.0,0.0,0.0,6.48172,0.0,0.0,395.434,0.0,19201.0,1201970.0,
4.34061E-7,1.74513E-5,2.93955,11.5438,55419.7,5030.97,0.0,0.0,0.0,0.0,0.0,0.0,0.0,1.30007E-22,0.0402561,60450.7,0.0,0.0,0.0,1.0,6.0,0.0,0.0,6.48172,0.0,0.0,395.434,0.0,19301.0,1201970.0,
3.68872E-7,1.48304E-5,2.93955,11.5438,49877.8,10572.9,0.0,0.0,0.0,0.0,0.0,0.0,0.0,1.30007E-22,0.0402564,60450.7,0.0,0.0,0.0,1.0,6.0,0.0,0.0,6.48173,0.0,0.0,395.433,0.0,19401.0,1201970.0,
3.13473E-7,1.26031E-5,2.93955,11.5438,49877.8,10572.9,0.0,0.0,0.0,0.0,0.0,0.0,0.0,1.30007E-22,0.0402568,60450.7,0.0,0.0,0.0,1.0,6.0,0.0,0.0,6.48173,0.0,0.0,395.433,0.0,19501.0,1201970.0,
2.66394E-7,1.07104E-5,2.93955,11.5438,49877.8,10572.9,0.0,0.0,0.0,0.0,0.0,0.0,0.0,1.30007E-22,0.0402571,60450.7,0.0,0.0,0.0,1.0,6.0,0.0,0.0,6.48173,0.0,0.0,395.432,0.0,19601.0,1201970.0,
2.26386E-7,9.10182E-6,2.93955,11.5438,49877.8,10572.9,0.0,0.0,0.0,0.0,0.0,0.0,0.0,1.30007E-22,0.0402574,60450.7,0.0,0.0,0.0,1.0,6.0,0.0,0.0,6.48173,0.0,0.0,395.432,0.0,19701.0,1201970.0,
1.92387E-7,7.73485E-6,2.93955,11.5438,49877.8,10572.9,0.0,0.0,0.0,0.0,0.0,0.0,0.0,1.30007E-22,0.0402577,60450.7,0.0,0.0,0.0,1.0,6.0,0.0,0.0,6.48173,0.0,0.0,395.432,0.0,19801.0,1201970.0,
1.63493E-7,6.57323E-6,2.93955,11.5438,49877.8,10572.9,0.0,0.0,0.0,0.0,0.0,0.0,0.0,1.30007E-22,0.0402581,60450.7,0.0,0.0,0.0,1.0,6.0,0.0,0.0,6.48173,0.0,0.0,395.432,0.0,19901.0,1201970.0,
1.38946E-7,5.58627E-6,2.93955,11.5438,49877.8,10572.9,0.0,0.0,0.0,0.0,0.0,0.0,0.0,1.30007E-22,0.0402583,60450.7,0.0,0.0,0.0,1.0,6.0,0.0,0.0,6.48515,0.0,0.0,392.319,0.0,20001.0,1201970.0,
1.18125E-7,4.74918E-6,2.93955,11.5438,49877.8,10572.9,0.0,0.0,0.0,0.0,0.0,0.0,0.0,1.30007E-22,0.0402588,60450.7,0.0,0.0,0.0,1.0,6.0,0.0,0.0,6.49094,0.0,0.0,387.112,0.0,20101.0,1201970.0,
1.00459E-7,4.03892E-6,2.93955,11.5438,49877.8,10572.9,0.0,0.0,0.0,0.0,0.0,0.0,0.0,1.30007E-22,0.0402592,60450.7,0.0,0.0,0.0,1.0,6.0,0.0,0.0,6.49555,0.0,0.0,383.015,0.0,20201.0,1201970.0,
8.54605E-8,3.43593E-6,2.93955,11.5438,49877.8,10572.9,0.0,0.0,0.0,0.0,0.0,0.0,0.0,1.30007E-22,0.0402597,60450.7,0.0,0.0,0.0,1.0,6.0,0.0,0.0,6.49921,0.0,0.0,379.794,0.0,20301.0,1201970.0,
7.27201E-8,2.9237E-6,2.93955,11.5438,49877.8,10572.9,0.0,0.0,0.0,0.0,0.0,0.0,0.0,1.30007E-22,0.0402601,60450.7,0.0,0.0,0.0,1.0,6.0,0.0,0.0,6.5021,0.0,0.0,377.261,0.0,20401.0,1201970.0,
6.1892E-8,2.48836E-6,2.93955,11.5438,49877.8,10572.9,0.0,0.0,0.0,0.0,0.0,0.0,0.0,1.30007E-22,0.0402606,60450.7,0.0,0.0,0.0,1.0,6.0,0.0,0.0,6.5044,0.0,0.0,375.269,0.0,20501.0,1201970.0,
5.26854E-8,2.11821E-6,2.93955,11.5438,49877.8,10572.9,0.0,0.0,0.0,0.0,0.0,0.0,0.0,1.30007E-22,0.0402611,60450.7,0.0,0.0,0.0,1.0,6.0,0.0,0.0,6.50621,0.0,0.0,373.701,0.0,20601.0,1201970.0,
4.48547E-8,1.80337E-6,2.93955,11.5438,49877.8,10572.9,0.0,0.0,0.0,0.0,0.0,0.0,0.0,1.30007E-22,0.0402617,60450.7,0.0,0.0,0.0,1.0,6.0,0.0,0.0,6.50764,0.0,0.0,372.469,0.0,20701.0,1201970.0,
3.92292E-8,1.5772E-6,2.93955,11.5438,49877.8,10572.9,0.0,0.0,0.0,0.0,0.0,0.0,0.0,1.30007E-22,0.0402622,60450.7,0.0,0.0,0.0,1.0,6.0,0.0,0.0,6.5086,0.0,0.0,371.646,0.0,20801.0,1201970.0,
3.34049E-8,1.34304E-6,2.93955,11.5438,49877.8,10572.9,0.0,0.0,0.0,0.0,0.0,0.0,0.0,1.30007E-22,0.0402628,60450.7,0.0,0.0,0.0,1.0,6.0,0.0,0.0,6.50952,0.0,0.0,370.852,0.0,20901.0,1201970.0,
2.84475E-8,1.14373E-6,2.93955,11.5438,49877.8,10572.9,0.0,0.0,0.0,0.0,0.0,0.0,0.0,1.30007E-22,0.0402633,60450.7,0.0,0.0,0.0,1.0,6.0,0.0,0.0,6.51025,0.0,0.0,370.229,0.0,21001.0,1201970.0,
2.42272E-8,9.74054E-7,2.93955,11.5438,49877.8,10572.9,0.0,0.0,0.0,0.0,0.0,0.0,0.0,1.30007E-22,0.0402639,60450.7,0.0,0.0,0.0,1.0,6.0,0.0,0.0,6.51083,0.0,0.0,369.737,0.0,21101.0,1201970.0,
2.06342E-8,8.29589E-7,2.93955,11.5438,49877.8,10572.9,0.0,0.0,0.0,0.0,0.0,0.0,0.0,1.30007E-22,0.0402645,60450.7,0.0,0.0,0.0,1.0,6.0,0.0,0.0,6.51128,0.0,0.0,369.351,0.0,21201.0,1201970.0,
1.75746E-8,7.06584E-7,2.93955,11.5438,49877.8,10572.9,0.0,0.0,0.0,0.0,0.0,0.0,0.0,1.30007E-22,0.0402651,60450.7,0.0,0.0,0.0,1.0,6.0,0.0,0.0,6.51164,0.0,0.0,369.048,0.0,21301.0,1201970.0,
1.53748E-8,6.18139E-7,2.93955,11.5438,49877.8,10572.9,0.0,0.0,0.0,0.0,0.0,0.0,0.0,1.30007E-22,0.0402656,60450.7,0.0,0.0,0.0,1.0,6.0,0.0,0.0,6.51188,0.0,0.0,368.845,0.0,21401.0,1201970.0,
1.30958E-8,5.26512E-7,2.93955,11.5438,49877.8,10572.9,0.0,0.0,0.0,0.0,0.0,0.0,0.0,1.30007E-22,0.0402662,60450.7,0.0,0.0,0.0,1.0,6.0,0.0,0.0,6.51211,0.0,0.0,368.649,0.0,21501.0,1201970.0,
1.11548E-8,4.48475E-7,2.93955,11.5438,49877.8,10572.9,0.0,0.0,0.0,0.0,0.0,0.0,0.0,1.30007E-22,0.0402666,60450.7,0.0,0.0,0.0,1.0,6.0,0.0,0.0,6.51229,0.0,0.0,368.495,0.0,21601.0,1201970.0,
9.50157E-9,3.82009E-7,2.93955,11.5438,49877.8,10572.9,0.0,0.0,0.0,0.0,0.0,0.0,0.0,1.30007E-22,0.0402672,60450.7,0.0,0.0,0.0,1.0,6.0,0.0,0.0,6.51243,0.0,0.0,368.375,0.0,21701.0,1201970.0,
8.09352E-9,3.25398E-7,2.93955,11.5438,49877.8,10572.9,0.0,0.0,0.0,0.0,0.0,0.0,0.0,1.30007E-22,0.0402678,60450.7,0.0,0.0,0.0,1.0,6.0,0.0,0.0,6.51254,0.0,0.0,368.28,0.0,21801.0,1201970.0,
6.89419E-9,2.7718E-7,2.93955,11.5438,49877.8,10572.9,0.0,0.0,0.0,0.0,0.0,0.0,0.0,1.30007E-22,0.0402684,60450.7,0.0,0.0,0.0,1.0,6.0,0.0,0.0,6.51263,0.0,0.0,368.206,0.0,21901.0,1201970.0,
5.87262E-9,2.36108E-7,2.93955,11.5438,49877.8,10572.9,0.0,0.0,0.0,0.0,0.0,0.0,0.0,1.30007E-22,0.040269,60450.7,0.0,0.0,0.0,1.0,6.0,0.0,0.0,6.5127,0.0,0.0,368.147,0.0,22001.0,1201970.0,
5.00245E-9,2.01123E-7,2.93955,11.5438,49877.8,10572.9,0.0,0.0,0.0,0.0,0.0,0.0,0.0,1.30007E-22,0.0402696,60450.7,0.0,0.0,0.0,1.0,6.0,0.0,0.0,6.51275,0.0,0.0,368.1,0.0,22101.0,1201970.0,
4.26125E-9,1.71323E-7,2.93955,11.5438,49877.8,10572.9,0.0,0.0,0.0,0.0,0.0,0.0,0.0,1.30007E-22,0.0402702,60450.7,0.0,0.0,0.0,1.0,6.0,0.0,0.0,6.51279,0.0,0.0,368.064,0.0,22201.0,1201970.0,
3.62988E-9,1.45939E-7,2.93955,11.5438,49877.8,10572.9,0.0,0.0,0.0,0.0,0.0,0.0,0.0,1.30007E-22,0.0402707,60450.7,0.0,0.0,0.0,1.0,6.0,0.0,0.0,6.51283,0.0,0.0,368.035,0.0,22301.0,1201970.0,
3.09207E-9,1.24316E-7,2.93955,11.5438,49877.8,10572.9,0.0,0.0,0.0,0.0,0.0,0.0,0.0,1.30007E-22,0.0402713,60450.7,0.0,0.0,0.0,1.0,6.0,0.0,0.0,6.51285,0.0,0.0,368.012,0.0,22401.0,1201970.0,
2.63395E-9,1.05897E-7,2.93955,11.5438,49877.8,10572.9,0.0,0.0,0.0,0.0,0.0,0.0,0.0,1.30007E-22,0.0402719,60450.7,0.0,0.0,0.0,1.0,6.0,0.0,0.0,6.51287,0.0,0.0,367.995,0.0,22501.0,1201970.0,
2.2437E-9,9.02076E-8,2.93954,11.5438,49877.8,10572.9,0.0,0.0,0.0,0.0,0.0,0.0,0.0,1.30007E-22,0.0402725,60450.7,0.0,0.0,0.0,1.0,6.0,0.0,0.0,6.51289,0.0,0.0,367.981,0.0,22601.0,1201970.0,
1.91128E-9,7.68425E-8,2.93954,11.5438,49877.8,10572.9,0.0,0.0,0.0,0.0,0.0,0.0,0.0,1.30007E-22,0.0402731,60450.7,0.0,0.0,0.0,1.0,6.0,0.0,0.0,6.5129,0.0,0.0,367.97,0.0,22701.0,1201970.0,
1.62811E-9,6.54578E-8,2.93954,11.5438,49877.8,10572.9,0.0,0.0,0.0,0.0,0.0,0.0,0.0,1.30007E-22,0.0402737,60450.7,0.0,0.0,0.0,1.0,6.0,0.0,0.0,6.51291,0.0,0.0,367.962,0.0,22801.0,1201970.0,
1.3869E-9,5.57599E-8,2.93954,11.5438,49877.8,10572.9,0.0,0.0,0.0,0.0,0.0,0.0,0.0,1.30007E-22,0.0402743,60450.7,0.0,0.0,0.0,1.0,6.0,0.0,0.0,6.51292,0.0,0.0,367.955,0.0,22901.0,1201970.0,
1.18141E-9,4.74985E-8,2.93954,11.5438,49877.8,10572.9,0.0,0.0,0.0,0.0,0.0,0.0,0.0,1.30007E-22,0.0402749,60450.7,0.0,0.0,0.0,1.0,6.0,0.0,0.0,6.51293,0.0,0.0,367.95,0.0,23001.0,1201970.0,
1.00638E-9,4.04615E-8,2.93954,11.5438,49877.8,10572.9,0.0,0.0,0.0,0.0,0.0,0.0,0.0,1.30007E-22,0.0402755,60450.7,0.0,0.0,0.0,1.0,6.0,0.0,0.0,6.51293,0.0,0.0,367.945,0.0,23101.0,1201970.0,
8.57283E-10,3.44669E-8,2.93954,11.5438,49877.8,10572.9,0.0,0.0,0.0,0.0,0.0,0.0,0.0,1.30007E-22,0.0402761,60450.7,0.0,0.0,0.0,1.0,6.0,0.0,0.0,6.51294,0.0,0.0,367.941,0.0,23201.0,1201970.0,
7.30273E-10,2.93605E-8,2.93954,11.5438,49877.8,10572.9,0.0,0.0,0.0,0.0,0.0,0.0,0.0,1.30007E-22,0.0402767,60450.7,0.0,0.0,0.0,1.0,6.0,0.0,0.0,6.51294,0.0,0.0,367.939,0.0,23301.0,1201970.0,
6.22078E-10,2.50106E-8,2.93954,11.5438,49877.8,10572.9,0.0,0.0,0.0,0.0,0.0,0.0,0.0,1.30007E-22,0.0402773,60450.7,0.0,0.0,0.0,1.0,6.0,0.0,0.0,6.51294,0.0,0.0,367.938,0.0,23401.0,1201970.0,
5.29915E-10,2.13051E-8,2.93954,11.5438,49877.8,10572.9,0.0,0.0,0.0,0.0,0.0,0.0,0.0,1.30007E-22,0.0402779,60450.7,0.0,0.0,0.0,1.0,6.0,0.0,0.0,6.51295,0.0,0.0,367.935,0.0,23501.0,1201970.0,
4.51405E-10,1.81487E-8,2.93954,11.5438,49877.8,10572.9,0.0,0.0,0.0,0.0,0.0,0.0,0.0,1.30007E-22,0.0402784,60450.7,0.0,0.0,0.0,1.0,6.0,0.0,0.0,6.51295,0.0,0.0,367.934,0.0,23601.0,1201970.0,
3.84529E-10,1.54599E-8,2.93954,11.5438,49877.8,10572.9,0.0,0.0,0.0,0.0,0.0,0.0,0.0,1.30007E-22,0.040279,60450.7,0.0,0.0,0.0,1.0,6.0,0.0,0.0,6.51295,0.0,0.0,367.934,0.0,23701.0,1201970.0,
3.27559E-10,1.31694E-8,2.93954,11.5438,49877.8,10572.9,0.0,0.0,0.0,0.0,0.0,0.0,0.0,1.30007E-22,0.0402796,60450.7,0.0,0.0,0.0,1.0,6.0,0.0,0.0,6.51295,0.0,0.0,367.933,0.0,23801.0,1201970.0,
2.7903E-10,1.12183E-8,2.93954,11.5438,49877.8,10572.9,0.0,0.0,0.0,0.0,0.0,0.0,0.0,1.30007E-22,0.0402802,60450.7,0.0,0.0,0.0,1.0,6.0,0.0,0.0,6.51295,0.0,0.0,367.932,0.0,23901.0,1201970.0,
2.37691E-10,9.55629E-9,2.93954,11.5438,49877.8,10572.9,0.0,0.0,0.0,0.0,0.0,0.0,0.0,1.30007E-22,0.0402808,60450.7,0.0,0.0,0.0,1.0,6.0,0.0,0.0,6.51295,0.0,0.0,367.932,0.0,24001.0,1201970.0,
2.02475E-10,8.14047E-9,2.93954,11.5438,49877.8,10572.9,0.0,0.0,0.0,0.0,0.0,0.0,0.0,1.30007E-22,0.0402814,60450.7,0.0,0.0,0.0,1.0,6.0,0.0,0.0,6.51295,0.0,0.0,367.932,0.0,24101.0,1201970.0,
1.72479E-10,6.93442E-9,2.93954,11.5438,49877.8,10572.9,0.0,0.0,0.0,0.0,0.0,0.0,0.0,1.30007E-22,0.040282,60450.7,0.0,0.0,0.0,1.0,6.0,0.0,0.0,6.51295,0.0,0.0,367.93,0.0,24201.0,1201970.0,
1.46925E-10,5.90709E-9,2.93953,11.5438,44890.0,15560.7,0.0,0.0,0.0,0.0,0.0,0.0,0.0,1.30007E-22,0.0402826,60450.7,0.0,0.0,0.0,1.0,6.0,0.0,0.0,6.51295,0.0,0.0,367.93,0.0,24301.0,1201970.0,
1.25157E-10,5.03192E-9,2.93953,11.5438,44890.0,15560.7,0.0,0.0,0.0,0.0,0.0,0.0,0.0,1.30007E-22,0.0402832,60450.7,0.0,0.0,0.0,1.0,6.0,0.0,0.0,6.51295,0.0,0.0,367.93,0.0,24401.0,1201970.0,
1.06615E-10,4.28643E-9,2.93953,11.5438,44890.0,15560.7,0.0,0.0,0.0,0.0,0.0,0.0,0.0,1.30007E-22,0.0402838,60450.7,0.0,0.0,0.0,1.0,6.0,0.0,0.0,6.51295,0.0,0.0,367.93,0.0,24501.0,1201970.0,
9.08228E-11,3.65151E-9,2.93953,11.5438,44890.0,15560.7,0.0,0.0,0.0,0.0,0.0,0.0,0.0,1.30007E-22,0.0402844,60450.7,0.0,0.0,0.0,1.0,6.0,0.0,0.0,6.5152,0.0,0.0,366.025,0.0,24601.0,1201970.0,
7.74092E-11,3.11223E-9,2.93953,11.5438,44890.0,15560.7,0.0,0.0,0.0,0.0,0.0,0.0,0.0,1.30007E-22,0.040285,60450.7,0.0,0.0,0.0,1.0,6.0,0.0,0.0,6.52101,0.0,0.0,361.147,0.0,24701.0,1201970.0,
6.60152E-11,2.65413E-9,2.93953,11.5438,44890.0,15560.7,0.0,0.0,0.0,0.0,0.0,0.0,0.0,1.30007E-22,0.0402857,60450.7,0.0,0.0,0.0,1.0,6.0,0.0,0.0,6.52564,0.0,0.0,357.31,0.0,24801.0,1201970.0,
5.63265E-11,2.2646E-9,2.93953,11.5438,44890.0,15560.7,0.0,0.0,0.0,0.0,0.0,0.0,0.0,1.30007E-22,0.0402865,60450.7,0.0,0.0,0.0,1.0,6.0,0.0,0.0,6.52931,0.0,0.0,354.292,0.0,24901.0,1201970.0,
4.80801E-11,1.93305E-9,2.93952,11.5438,44890.0,15560.7,0.0,0.0,0.0,0.0,0.0,0.0,0.0,1.30007E-22,0.0402873,60450.7,0.0,0.0,0.0,1.0,6.0,0.0,0.0,6.53222,0.0,0.0,351.918,0.0,25001.0,1201970.0,
4.10554E-11,1.65062E-9,2.93952,11.5438,44890.0,15560.7,0.0,0.0,0.0,0.0,0.0,0.0,0.0,1.30007E-22,0.0402882,60450.7,0.0,0.0,0.0,1.0,6.0,0.0,0.0,6.53452,0.0,0.0,350.051,0.0,25101.0,1201970.0,
3.50671E-11,1.40987E-9,2.93952,11.5438,44890.0,15560.7,0.0,0.0,0.0,0.0,0.0,0.0,0.0,1.30007E-22,0.0402891,60450.7,0.0,0.0,0.0,1.0,6.0,0.0,0.0,6.53634,0.0,0.0,348.584,0.0,25201.0,1201970.0,
2.99593E-11,1.20451E-9,2.93952,11.5438,44890.0,15560.7,0.0,0.0,0.0,0.0,0.0,0.0,0.0,1.30007E-22,0.04029,60450.7,0.0,0.0,0.0,1.0,6.0,0.0,0.0,6.53778,0.0,0.0,347.428,0.0,25301.0,1201970.0,
2.56004E-11,1.02926E-9,2.93952,11.5438,44890.0,15560.7,0.0,0.0,0.0,0.0,0.0,0.0,0.0,1.30007E-22,0.0402909,60450.7,0.0,0.0,0.0,1.0,6.0,0.0,0.0,6.53891,0.0,0.0,346.521,0.0,25401.0,1201970.0,
2.18789E-11,8.79642E-10,2.93952,11.5438,44890.0,15560.7,0.0,0.0,0.0,0.0,0.0,0.0,0.0,1.30007E-22,0.0402919,60450.7,0.0,0.0,0.0,1.0,6.0,0.0,0.0,6.53981,0.0,0.0,345.807,0.0,25501.0,1201970.0,
1.87008E-11,7.51862E-10,2.93952,11.5438,44890.0,15560.7,0.0,0.0,0.0,0.0,0.0,0.0,0.0,1.30007E-22,0.0402928,60450.7,0.0,0.0,0.0,1.0,6.0,0.0,0.0,6.54051,0.0,0.0,345.244,0.0,25601.0,1201970.0,
1.59859E-11,6.42706E-10,2.93952,11.5438,44890.0,15560.7,0.0,0.0,0.0,0.0,0.0,0.0,0.0,1.30007E-22,0.0402938,60450.7,0.0,0.0,0.0,1.0,6.0,0.0,0.0,6.54107,0.0,0.0,344.803,0.0,25701.0,1201970.0,
1.36662E-11,5.49446E-10,2.93952,11.5438,44890.0,15560.7,0.0,0.0,0.0,0.0,0.0,0.0,0.0,1.30007E-22,0.0402948,60450.7,0.0,0.0,0.0,1.0,6.0,0.0,0.0,6.5415,0.0,0.0,344.455,0.0,25801.0,1201970.0,
1.16838E-11,4.69743E-10,2.93952,11.5438,44890.0,15560.7,0.0,0.0,0.0,0.0,0.0,0.0,0.0,1.30007E-22,0.0402957,60450.7,0.0,0.0,0.0,1.0,6.0,0.0,0.0,6.54185,0.0,0.0,344.182,0.0,25901.0,1201970.0,
9.98941E-12,4.01622E-10,2.93952,11.5438,44890.0,15560.7,0.0,0.0,0.0,0.0,0.0,0.0,0.0,1.30007E-22,0.0402967,60450.7,0.0,0.0,0.0,1.0,6.0,0.0,0.0,6.54212,0.0,0.0,343.967,0.0,26001.0,1201970.0,
8.54109E-12,3.43393E-10,2.93951,11.5438,44890.0,15560.7,0.0,0.0,0.0,0.0,0.0,0.0,0.0,1.30007E-22,0.0402978,60450.7,0.0,0.0,0.0,1.0,6.0,0.0,0.0,6.54233,0.0,0.0,343.797,0.0,26101.0,1201970.0,
7.30297E-12,2.93615E-10,2.93951,11.5438,44890.0,15560.7,0.0,0.0,0.0,0.0,0.0,0.0,0.0,1.30007E-22,0.0402987,60450.7,0.0,0.0,0.0,1.0,6.0,0.0,0.0,6.5425,0.0,0.0,343.665,0.0,26201.0,1201970.0,
6.24449E-12,2.51058E-10,2.93951,11.5438,44890.0,15560.7,0.0,0.0,0.0,0.0,0.0,0.0,0.0,1.30007E-22,0.0402998,60450.7,0.0,0.0,0.0,1.0,6.0,0.0,0.0,6.54263,0.0,0.0,343.56,0.0,26301.0,1201970.0,
5.33951E-12,2.14674E-10,2.93951,11.5438,44890.0,15560.7,0.0,0.0,0.0,0.0,0.0,0.0,0.0,1.30007E-22,0.0403008,60450.7,0.0,0.0,0.0,1.0,6.0,0.0,0.0,6.54273,0.0,0.0,343.478,0.0,26401.0,1201970.0,
4.56576E-12,1.83565E-10,2.93951,11.5438,40401.0,20049.7,0.0,0.0,0.0,0.0,0.0,0.0,0.0,1.30007E-22,0.0403017,60450.7,0.0,0.0,0.0,1.0,6.0,0.0,0.0,6.54282,0.0,0.0,343.413,0.0,26501.0,1201970.0,
3.9047E-12,1.56987E-10,2.93951,11.5438,40401.0,20049.7,0.0,0.0,0.0,0.0,0.0,0.0,0.0,1.30007E-22,0.0403028,60450.7,0.0,0.0,0.0,1.0,6.0,0.0,0.0,6.54607,0.0,0.0,340.84,0.0,26601.0,1201970.0,
3.42986E-12,1.37897E-10,2.93951,11.5438,40401.0,20049.7,0.0,0.0,0.0,0.0,0.0,0.0,0.0,1.30007E-22,0.0403039,60450.7,0.0,0.0,0.0,1.0,6.0,0.0,0.0,6.55069,0.0,0.0,337.222,0.0,26701.0,1201970.0,
2.93811E-12,1.18126E-10,2.93951,11.5438,40401.0,20049.7,0.0,0.0,0.0,0.0,0.0,0.0,0.0,1.30007E-22,0.0403051,60450.7,0.0,0.0,0.0,1.0,6.0,0.0,0.0,6.55519,0.0,0.0,333.736,0.0,26801.0,1201970.0,
2.51882E-12,1.01269E-10,2.93951,11.5438,40401.0,20049.7,0.0,0.0,0.0,0.0,0.0,0.0,0.0,1.30007E-22,0.0403064,60450.7,0.0,0.0,0.0,1.0,6.0,0.0,0.0,6.55877,0.0,0.0,330.994,0.0,26901.0,1201970.0,
2.1608E-12,8.68749E-11,2.93951,11.5438,40401.0,20049.7,0.0,0.0,0.0,0.0,0.0,0.0,0.0,1.30007E-22,0.0403077,60450.7,0.0,0.0,0.0,1.0,6.0,0.0,0.0,6.5616,0.0,0.0,328.837,0.0,27001.0,1201970.0,
1.85467E-12,7.45672E-11,2.93951,11.5438,40401.0,20049.7,0.0,0.0,0.0,0.0,0.0,0.0,0.0,1.30007E-22,0.0403092,60450.7,0.0,0.0,0.0,1.0,6.0,0.0,0.0,6.56383,0.0,0.0,327.141,0.0,27101.0,1201970.0,
1.59263E-12,6.40312E-11,2.93951,11.5438,40401.0,20049.7,0.0,0.0,0.0,0.0,0.0,0.0,0.0,1.30007E-22,0.0403107,60450.7,0.0,0.0,0.0,1.0,6.0,0.0,0.0,6.5656,0.0,0.0,325.807,0.0,27201.0,1201970.0,
1.3681E-12,5.50041E-11,2.93951,11.5438,40401.0,20049.7,0.0,0.0,0.0,0.0,0.0,0.0,0.0,1.30007E-22,0.0403123,60450.7,0.0,0.0,0.0,1.0,6.0,0.0,0.0,6.567,0.0,0.0,324.758,0.0,27301.0,1201970.0,
1.17556E-12,4.72633E-11,2.9395,11.5438,40401.0,20049.7,0.0,0.0,0.0,0.0,0.0,0.0,0.0,1.30007E-22,0.0403139,60450.7,0.0,0.0,0.0,1.0,6.0,0.0,0.0,6.5681,0.0,0.0,323.932,0.0,27401.0,1201970.0,
1.01036E-12,4.06214E-11,2.9395,11.5438,40401.0,20049.7,0.0,0.0,0.0,0.0,0.0,0.0,0.0,1.30007E-22,0.0403154,60450.7,0.0,0.0,0.0,1.0,6.0,0.0,0.0,6.56897,0.0,0.0,323.283,0.0,27501.0,1201970.0,
8.68536E-13,3.49194E-11,2.9395,11.5438,40401.0,20049.7,0.0,0.0,0.0,0.0,0.0,0.0,0.0,1.30007E-22,0.0403171,60450.7,0.0,0.0,0.0,1.0,6.0,0.0,0.0,6.56966,0.0,0.0,322.772,0.0,27601.0,1201970.0,
7.4673E-13,3.00222E-11,2.9395,11.5438,40401.0,20049.7,0.0,0.0,0.0,0.0,0.0,0.0,0.0,1.30007E-22,0.0403188,60450.7,0.0,0.0,0.0,1.0,6.0,0.0,0.0,6.57019,0.0,0.0,322.371,0.0,27701.0,1201970.0,
6.42083E-13,2.58148E-11,2.93949,11.5438,40401.0,20049.7,0.0,0.0,0.0,0.0,0.0,0.0,0.0,1.30007E-22,0.0403205,60450.7,0.0,0.0,0.0,1.0,6.0,0.0,0.0,6.57062,0.0,0.0,322.056,0.0,27801.0,1201970.0,
5.52152E-13,2.21992E-11,2.93949,11.5438,40401.0,20049.7,0.0,0.0,0.0,0.0,0.0,0.0,0.0,1.30007E-22,0.0403222,60450.7,0.0,0.0,0.0,1.0,6.0,0.0,0.0,6.57095,0.0,0.0,321.807,0.0,27901.0,1201970.0,
4.74852E-13,1.90914E-11,2.93949,11.5438,40401.0,20049.7,0.0,0.0,0.0,0.0,0.0,0.0,0.0,1.30007E-22,0.0403238,60450.7,0.0,0.0,0.0,1.0,6.0,0.0,0.0,6.57122,0.0,0.0,321.611,0.0,28001.0,1201970.0,
4.29443E-13,1.72657E-11,2.93949,11.5438,40401.0,20049.7,0.0,0.0,0.0,0.0,0.0,0.0,0.0,1.30007E-22,0.0403249,60450.7,0.0,0.0,0.0,1.0,6.0,0.0,0.0,6.57136,0.0,0.0,321.505,0.0,28101.0,1201970.0,
3.69356E-13,1.48499E-11,2.93949,11.5438,40401.0,20049.7,0.0,0.0,0.0,0.0,0.0,0.0,0.0,1.30007E-22,0.0403266,60450.7,0.0,0.0,0.0,1.0,6.0,0.0,0.0,6.57153,0.0,0.0,321.374,0.0,28201.0,1201970.0,
3.17688E-13,1.27726E-11,2.93949,11.5438,40401.0,20049.7,0.0,0.0,0.0,0.0,0.0,0.0,0.0,1.30007E-22,0.0403283,60450.7,0.0,0.0,0.0,1.0,6.0,0.0,0.0,6.57167,0.0,0.0,321.271,0.0,28301.0,1201970.0,
2.73256E-13,1.09862E-11,2.93949,11.5438,40401.0,20049.7,0.0,0.0,0.0,0.0,0.0,0.0,0.0,1.30007E-22,0.04033,60450.7,0.0,0.0,0.0,1.0,6.0,0.0,0.0,6.57178,0.0,0.0,321.19,0.0,28401.0,1201970.0,
2.35045E-13,9.4499E-12,2.93949,11.5438,40401.0,20049.7,0.0,0.0,0.0,0.0,0.0,0.0,0.0,1.30007E-22,0.0403318,60450.7,0.0,0.0,0.0,1.0,6.0,0.0,0.0,6.57187,0.0,0.0,321.127,0.0,28501.0,1201970.0,
2.02181E-13,8.12863E-12,2.93948,11.5438,40401.0,20049.7,0.0,0.0,0.0,0.0,0.0,0.0,0.0,1.30007E-22,0.0403335,60450.7,0.0,0.0,0.0,1.0,6.0,0.0,0.0,6.57194,0.0,0.0,321.076,0.0,28601.0,1201970.0,
1.73914E-13,6.99215E-12,2.93948,11.5438,40401.0,20049.7,0.0,0.0,0.0,0.0,0.0,0.0,0.0,1.30007E-22,0.0403351,60450.7,0.0,0.0,0.0,1.0,6.0,0.0,0.0,6.57199,0.0,0.0,321.037,0.0,28701.0,1201970.0,
1.496E-13,6.01467E-12,2.93948,11.5438,40401.0,20049.7,0.0,0.0,0.0,0.0,0.0,0.0,0.0,1.30007E-22,0.0403368,60450.7,0.0,0.0,0.0,1.0,6.0,0.0,0.0,6.57203,0.0,0.0,321.007,0.0,28801.0,1201970.0,
1.28688E-13,5.17387E-12,2.93948,11.5438,40401.0,20049.7,0.0,0.0,0.0,0.0,0.0,0.0,0.0,1.30007E-22,0.0403386,60450.7,0.0,0.0,0.0,1.0,6.0,0.0,0.0,6.57206,0.0,0.0,320.981,0.0,28901.0,1201970.0,
1.10699E-13,4.45065E-12,2.93948,11.5438,40401.0,20049.7,0.0,0.0,0.0,0.0,0.0,0.0,0.0,1.30007E-22,0.0403403,60450.7,0.0,0.0,0.0,1.0,6.0,0.0,0.0,6.57209,0.0,0.0,320.962,0.0,29001.0,1201970.0,
9.52259E-14,3.82854E-12,2.93948,11.5438,40401.0,20049.7,0.0,0.0,0.0,0.0,0.0,0.0,0.0,1.30007E-22,0.0403421,60450.7,0.0,0.0,0.0,1.0,6.0,0.0,0.0,6.57211,0.0,0.0,320.948,0.0,29101.0,1201970.0,
8.19154E-14,3.2934E-12,2.93948,11.5438,40401.0,20049.7,0.0,0.0,0.0,0.0,0.0,0.0,0.0,1.30007E-22,0.0403438,60450.7,0.0,0.0,0.0,1.0,6.0,0.0,0.0,6.57213,0.0,0.0,320.936,0.0,29201.0,1201970.0,
7.22566E-14,2.90506E-12,2.93948,11.5438,40401.0,20049.7,0.0,0.0,0.0,0.0,0.0,0.0,0.0,1.30007E-22,0.0403452,60450.7,0.0,0.0,0.0,1.0,6.0,0.0,0.0,6.57214,0.0,0.0,320.927,0.0,29301.0,1201970.0,
6.21572E-14,2.49902E-12,2.93947,11.5438,40401.0,20049.7,0.0,0.0,0.0,0.0,0.0,0.0,0.0,1.30007E-22,0.0403469,60450.7,0.0,0.0,0.0,1.0,6.0,0.0,0.0,6.57215,0.0,0.0,320.92,0.0,29401.0,1201970.0,
5.34697E-14,2.14974E-12,2.93947,11.5438,40401.0,20049.7,0.0,0.0,0.0,0.0,0.0,0.0,0.0,1.30007E-22,0.0403487,60450.7,0.0,0.0,0.0,1.0,6.0,0.0,0.0,6.57216,0.0,0.0,320.914,0.0,29501.0,1201970.0,
4.59963E-14,1.84928E-12,2.93947,11.5438,40401.0,20049.7,0.0,0.0,0.0,0.0,0.0,0.0,0.0,1.30007E-22,0.0403504,60450.7,0.0,0.0,0.0,1.0,6.0,0.0,0.0,6.57216,0.0,0.0,320.909,0.0,29601.0,1201970.0,
3.95677E-14,1.59081E-12,2.93947,11.5438,40401.0,20049.7,0.0,0.0,0.0,0.0,0.0,0.0,0.0,1.30007E-22,0.0403521,60450.7,0.0,0.0,0.0,1.0,6.0,0.0,0.0,6.57217,0.0,0.0,320.906,0.0,29701.0,1201970.0,
3.40375E-14,1.36847E-12,2.93946,11.5438,40401.0,20049.7,0.0,0.0,0.0,0.0,0.0,0.0,0.0,1.30007E-22,0.0403539,60450.7,0.0,0.0,0.0,1.0,6.0,0.0,0.0,6.57217,0.0,0.0,320.903,0.0,29801.0,1201970.0,
2.92803E-14,1.17721E-12,2.93946,11.5438,40401.0,20049.7,0.0,0.0,0.0,0.0,0.0,0.0,0.0,1.30007E-22,0.0403556,60450.7,0.0,0.0,0.0,1.0,6.0,0.0,0.0,6.57217,0.0,0.0,320.901,0.0,29901.0,1201970.0,
2.51881E-14,1.01268E-12,2.93946,11.5438,40401.0,20049.7,0.0,0.0,0.0,0.0,0.0,0.0,0.0,1.30007E-22,0.0403573,60450.7,0.0,0.0,0.0,1.0,6.0,0.0,0.0,6.57218,0.0,0.0,320.898,0.0,30001.0,1201970.0,
