entropy,entropyInd,RabA,RabB,RabC,RabD,RabE,RabF,RabG,RabH,RabI,xER,xPM,
1.463,0.2779,0.05411,0.01193,0.008016,0.04717,0.02351,0.01285,0.01673,0.01456,0.01487,0.3948,0.4014,
1.478,0.2554,0.06067,0.01192,0.008009,0.04704,0.02348,0.01279,0.01671,0.01454,0.0157,0.3947,0.3944,
1.478,0.267,0.06064,0.01192,0.00801,0.04698,0.02356,0.01272,0.01671,0.01455,0.0157,0.3947,0.3945,
1.477,0.2579,0.06064,0.01192,0.00801,0.04692,0.02355,0.01261,0.01671,0.01455,0.0157,0.3948,0.3946,
1.477,0.2596,0.06062,0.01192,0.008011,0.04678,0.02368,0.0124,0.01672,0.01455,0.0157,0.3948,0.3948,
1.476,0.2602,0.06054,0.01192,0.008011,0.04673,0.02376,0.01231,0.01672,0.01455,0.01571,0.3949,0.3949,
1.476,0.2607,0.06048,0.01191,0.008012,0.04662,0.02371,0.01224,0.01672,0.01455,0.01571,0.395,0.3951,
1.475,0.2575,0.0604,0.0119,0.008012,0.04653,0.02354,0.01216,0.01672,0.01456,0.01571,0.3951,0.3954,
1.474,0.255,0.06034,0.0119,0.008012,0.0465,0.02356,0.01206,0.01673,0.01456,0.01571,0.3951,0.3955,
1.477,0.2571,0.06093,0.01189,0.008008,0.04644,0.02336,0.01204,0.01672,0.01455,0.01647,0.3949,0.3947,
1.478,0.2441,0.06119,0.01188,0.008003,0.0463,0.02345,0.01193,0.01671,0.01454,0.01699,0.3947,0.3943,
1.481,0.243,0.06171,0.01173,0.007984,0.04627,0.0233,0.01181,0.01669,0.01454,0.01814,0.3936,0.3942,
1.479,0.2483,0.06084,0.01162,0.007962,0.04611,0.02295,0.01166,0.01666,0.01452,0.01877,0.3941,0.3948,
1.478,0.2366,0.06052,0.01152,0.007887,0.04605,0.02294,0.01151,0.01666,0.01452,0.01918,0.394,0.3952,
1.475,0.2429,0.05887,0.01142,0.007886,0.04599,0.02301,0.01144,0.01666,0.01452,0.01918,0.3941,0.397,
1.479,0.2369,0.06108,0.01135,0.007875,0.04592,0.02299,0.0114,0.01666,0.01452,0.01948,0.394,0.3947,
1.476,0.2275,0.05966,0.0112,0.007805,0.04584,0.023,0.0114,0.01666,0.01452,0.01948,0.3941,0.3964,
1.48,0.2238,0.06174,0.01116,0.007801,0.04571,0.02281,0.01136,0.01665,0.01451,0.02,0.3939,0.3943,
1.481,0.2429,0.06219,0.01115,0.007798,0.04564,0.02276,0.01128,0.01665,0.01451,0.02041,0.3938,0.3938,
1.477,0.233,0.06044,0.01109,0.007795,0.04558,0.02255,0.01122,0.01665,0.01451,0.02041,0.394,0.3958,
1.481,0.234,0.06233,0.01103,0.007789,0.04548,0.02249,0.01116,0.01664,0.01451,0.02087,0.3939,0.3938,
1.481,0.2199,0.06222,0.01101,0.007773,0.04531,0.02241,0.01114,0.01663,0.01451,0.02136,0.3938,0.3939,
1.473,0.2321,0.06006,0.01086,0.007744,0.04528,0.02561,0.007865,0.01661,0.01451,0.02136,0.3939,0.3962,
1.47,0.2154,0.05882,0.01076,0.007712,0.04523,0.0256,0.007776,0.0166,0.01451,0.02137,0.3939,0.3977,
1.469,0.2171,0.0584,0.01075,0.007713,0.04513,0.02554,0.007734,0.0166,0.01451,0.02137,0.394,0.3982,
1.466,0.2174,0.0573,0.01072,0.007713,0.0451,0.02549,0.007693,0.0166,0.01451,0.02137,0.394,0.3995,
1.463,0.2184,0.05603,0.0107,0.007709,0.04507,0.02541,0.007615,0.01659,0.01452,0.02137,0.3941,0.4009,
1.476,0.2199,0.06305,0.01069,0.007701,0.045,0.02498,0.007479,0.01654,0.01451,0.02217,0.3936,0.3943,
1.473,0.2216,0.06171,0.01068,0.0077,0.04493,0.02478,0.007478,0.01654,0.01451,0.02216,0.3939,0.3956,
1.469,0.2129,0.06064,0.01064,0.0077,0.0449,0.02444,0.007364,0.01654,0.01451,0.02217,0.394,0.3971,
1.475,0.22,0.06273,0.01053,0.00769,0.04484,0.0244,0.007315,0.01654,0.01451,0.02299,0.3932,0.3952,
1.469,0.2199,0.06051,0.01045,0.007664,0.04502,0.02393,0.007405,0.01646,0.01472,0.02257,0.3939,0.3974,
1.476,0.2136,0.06422,0.01055,0.00768,0.04493,0.02366,0.007431,0.01658,0.01468,0.02255,0.3938,0.3939,
1.476,0.2107,0.06458,0.01053,0.007692,0.04492,0.02331,0.007423,0.01656,0.01513,0.02228,0.3938,0.3938,
1.476,0.2131,0.06455,0.01057,0.007706,0.04496,0.02308,0.007431,0.01652,0.01521,0.02256,0.3935,0.3939,
1.475,0.2333,0.06397,0.01059,0.007709,0.04494,0.02295,0.007534,0.01646,0.01517,0.02241,0.3938,0.3945,
1.472,0.2135,0.06331,0.01056,0.007628,0.0448,0.02287,0.007543,0.0164,0.01526,0.02226,0.394,0.3954,
1.476,0.2297,0.06406,0.01051,0.007653,0.0448,0.02268,0.01161,0.01228,0.01571,0.02243,0.3939,0.3944,
1.472,0.2388,0.0618,0.0106,0.007658,0.04482,0.0226,0.01165,0.01225,0.01574,0.02233,0.3939,0.3967,
1.48,0.2096,0.06511,0.0106,0.007673,0.04491,0.02252,0.01168,0.01224,0.01583,0.02298,0.393,0.3934,
1.476,0.2112,0.06334,0.01061,0.007664,0.04505,0.02237,0.01165,0.01218,0.01616,0.02247,0.3937,0.3948,
1.478,0.2266,0.06418,0.01064,0.007683,0.04494,0.02206,0.01354,0.01024,0.0166,0.02236,0.3937,0.394,
1.478,0.2306,0.06478,0.01066,0.007698,0.04492,0.02212,0.01372,0.01001,0.0166,0.02222,0.3938,0.3934,
1.477,0.2304,0.06371,0.01058,0.007671,0.04484,0.02215,0.01384,0.009887,0.0169,0.02228,0.3937,0.3945,
1.474,0.2287,0.06275,0.01058,0.007679,0.04481,0.02202,0.01375,0.009878,0.01703,0.02211,0.3937,0.3957,
1.472,0.2276,0.06144,0.0106,0.007672,0.04475,0.02206,0.0138,0.009801,0.01722,0.02186,0.3938,0.397,
1.477,0.2286,0.06376,0.01061,0.007667,0.04498,0.02182,0.01383,0.009719,0.01832,0.02112,0.3938,0.3944,
1.475,0.2245,0.06288,0.01058,0.007705,0.04507,0.02174,0.01385,0.009603,0.0191,0.02028,0.3939,0.3953,
1.478,0.2202,0.06358,0.01062,0.007717,0.04529,0.02161,0.0138,0.009558,0.01911,0.02087,0.3937,0.3942,
1.478,0.224,0.06318,0.01066,0.007716,0.04555,0.02154,0.0138,0.009523,0.01951,0.02078,0.3937,0.3941,
1.482,0.2342,0.0638,0.01067,0.007713,0.04544,0.0217,0.01378,0.009398,0.01961,0.02169,0.3933,0.3929,
1.485,0.2277,0.06323,0.01079,0.007691,0.0454,0.02217,0.01321,0.009304,0.01989,0.02301,0.3927,0.3927,
1.487,0.2245,0.06352,0.01072,0.007686,0.04544,0.02225,0.01311,0.009298,0.02017,0.02337,0.3924,0.392,
1.484,0.2337,0.06201,0.01068,0.00769,0.04533,0.0222,0.0132,0.009182,0.02031,0.02314,0.3925,0.3937,
1.481,0.2254,0.06141,0.01068,0.007694,0.04521,0.02214,0.01295,0.009255,0.02024,0.02314,0.3926,0.3946,
1.478,0.2421,0.05998,0.0107,0.007699,0.04529,0.02217,0.01291,0.009106,0.02044,0.02286,0.3928,0.3961,
1.485,0.2193,0.06311,0.01071,0.007696,0.0452,0.02214,0.01282,0.009142,0.02038,0.02342,0.3926,0.3928,
1.483,0.2193,0.06184,0.01079,0.007707,0.04541,0.02209,0.01284,0.009176,0.02037,0.02336,0.3926,0.3938,
1.485,0.2189,0.06266,0.01073,0.007718,0.04537,0.02207,0.01276,0.009221,0.02044,0.02345,0.3926,0.393,
1.481,0.2221,0.06113,0.01071,0.007743,0.04545,0.02184,0.01274,0.009164,0.0206,0.0233,0.3926,0.3947,
1.48,0.2238,0.06064,0.01074,0.007752,0.04555,0.02181,0.01273,0.009166,0.0209,0.02291,0.3927,0.3951,
1.479,0.2433,0.06015,0.01075,0.007754,0.04556,0.0217,0.01279,0.009078,0.02138,0.02237,0.3928,0.3956,
1.476,0.2322,0.05855,0.01076,0.007743,0.04549,0.02181,0.0127,0.009055,0.0215,0.02225,0.3929,0.3972,
1.47,0.2284,0.05591,0.01066,0.007718,0.04551,0.02177,0.01266,0.009046,0.0216,0.02215,0.393,0.4,
1.467,0.2262,0.0554,0.01069,0.007672,0.04545,0.02152,0.01265,0.009038,0.02221,0.02129,0.3932,0.4009,
1.48,0.2121,0.06154,0.01072,0.007649,0.04534,0.02149,0.01267,0.008986,0.02225,0.02185,0.393,0.3945,
1.478,0.2382,0.06038,0.01078,0.00765,0.04542,0.0214,0.01262,0.008947,0.02239,0.02171,0.393,0.3957,
1.485,0.2102,0.06234,0.01074,0.007645,0.04552,0.02139,0.01268,0.008963,0.02252,0.02262,0.3925,0.3931,
1.48,0.2159,0.06117,0.01065,0.007648,0.04543,0.02397,0.01018,0.008893,0.02264,0.02225,0.3929,0.3943,
1.477,0.2171,0.06007,0.0107,0.007651,0.04536,0.02393,0.01016,0.008839,0.02275,0.02206,0.393,0.3955,
1.474,0.2182,0.05829,0.01066,0.007669,0.04562,0.02391,0.01005,0.00883,0.02286,0.02195,0.3931,0.397,
1.471,0.2188,0.05728,0.01068,0.007674,0.04558,0.02392,0.01002,0.008822,0.02298,0.02184,0.3932,0.3981,
1.478,0.2164,0.06063,0.01058,0.007668,0.04566,0.02396,0.009976,0.008853,0.02313,0.02185,0.3932,0.3945,
1.477,0.2197,0.06021,0.0106,0.007685,0.04552,0.02395,0.009914,0.008856,0.02313,0.02182,0.3933,0.395,
1.481,0.2214,0.06178,0.01063,0.007708,0.04555,0.02395,0.009873,0.008845,0.02313,0.02205,0.3933,0.3932,
1.476,0.2233,0.06019,0.01062,0.00771,0.04552,0.02365,0.009737,0.008908,0.02314,0.02199,0.3933,0.3953,
1.482,0.2182,0.06258,0.01053,0.007707,0.04554,0.02346,0.009738,0.008899,0.02323,0.02278,0.3925,0.3931,
1.48,0.2177,0.0615,0.01054,0.007705,0.04547,0.02336,0.009809,0.008796,0.02333,0.02263,0.393,0.3938,
1.477,0.2182,0.06087,0.01056,0.00772,0.04542,0.02317,0.009769,0.008787,0.02338,0.02241,0.3933,0.3947,
1.479,0.2228,0.06099,0.0106,0.00772,0.04548,0.023,0.009797,0.008831,0.02359,0.02252,0.3932,0.3943,
1.482,0.2221,0.06239,0.0105,0.007722,0.04551,0.02288,0.009809,0.008749,0.02374,0.023,0.3928,0.3929,
1.483,0.2275,0.0628,0.01055,0.007737,0.04548,0.02286,0.009855,0.00863,0.02461,0.02225,0.3928,0.3924,
1.486,0.2218,0.0626,0.01059,0.007748,0.04542,0.02276,0.009882,0.008594,0.02482,0.02333,0.3919,0.3923,
1.486,0.219,0.06227,0.01061,0.00775,0.04536,0.02279,0.009834,0.008587,0.02507,0.02331,0.3923,0.3921,
1.484,0.2169,0.06124,0.01064,0.007767,0.04531,0.02291,0.009836,0.008541,0.02508,0.02324,0.3924,0.393,
1.482,0.2228,0.06037,0.01065,0.007771,0.04544,0.02284,0.009792,0.008626,0.02525,0.02287,0.3925,0.3939,
1.482,0.2355,0.05866,0.01063,0.007796,0.04562,0.02294,0.0097,0.01199,0.02214,0.02257,0.3926,0.3954,
1.48,0.2373,0.05741,0.01071,0.00782,0.04561,0.02298,0.009671,0.01199,0.02219,0.02244,0.3927,0.3965,
1.475,0.2327,0.05574,0.01063,0.007804,0.04546,0.02286,0.009625,0.01202,0.02226,0.02216,0.3927,0.3987,
1.487,0.2228,0.0619,0.0107,0.007813,0.04545,0.02273,0.01236,0.009239,0.02234,0.02236,0.3927,0.3924,
1.486,0.223,0.06142,0.01063,0.007796,0.04537,0.02266,0.01228,0.009315,0.0224,0.02271,0.3926,0.3929,
1.486,0.2193,0.06136,0.01055,0.007812,0.04538,0.02253,0.0124,0.009153,0.02241,0.02304,0.3923,0.3931,
1.485,0.2291,0.06061,0.01054,0.007823,0.04545,0.02247,0.0124,0.009112,0.02244,0.02299,0.3926,0.3936,
1.483,0.2345,0.05946,0.01062,0.007829,0.04537,0.02243,0.0124,0.009429,0.0223,0.02267,0.3927,0.3948,
1.481,0.2254,0.05899,0.0107,0.007836,0.04528,0.02202,0.01242,0.00938,0.02271,0.02227,0.3927,0.3957,
1.478,0.2214,0.0581,0.01065,0.007848,0.04529,0.02192,0.01229,0.009421,0.02284,0.02203,0.3928,0.3968,
1.476,0.2198,0.05753,0.01063,0.007828,0.04531,0.02193,0.01234,0.009472,0.02282,0.02172,0.393,0.3975,
1.487,0.2227,0.06205,0.01066,0.007781,0.04525,0.02201,0.01223,0.009464,0.02296,0.02244,0.3927,0.3925,
1.485,0.2192,0.0611,0.01076,0.00779,0.04532,0.02188,0.01219,0.00953,0.02299,0.02235,0.3927,0.3934,
1.483,0.214,0.06008,0.01076,0.007797,0.04578,0.02183,0.01211,0.009573,0.0232,0.02192,0.3929,0.3941,
1.486,0.2103,0.06143,0.01072,0.007795,0.04576,0.02166,0.01202,0.00964,0.02311,0.02233,0.3928,0.3927,
1.483,0.2099,0.06045,0.01068,0.007761,0.04561,0.02146,0.01193,0.009702,0.02345,0.02192,0.3929,0.3941,
1.48,0.2097,0.05905,0.01078,0.007771,0.04556,0.02153,0.01181,0.009774,0.02345,0.02185,0.393,0.3954,
1.478,0.2111,0.05842,0.01079,0.007768,0.04549,0.02158,0.01181,0.009813,0.02347,0.02161,0.3931,0.3961,
1.486,0.207,0.06109,0.01083,0.007773,0.0458,0.02153,0.01177,0.009783,0.02361,0.02208,0.3926,0.3931,
1.482,0.2125,0.05914,0.01089,0.007767,0.04594,0.02152,0.01181,0.009835,0.02396,0.02143,0.3931,0.3946,
1.48,0.2083,0.05838,0.01092,0.007784,0.04622,0.02137,0.01183,0.009774,0.02397,0.0213,0.3933,0.3952,
1.478,0.2192,0.05748,0.01109,0.007761,0.04624,0.02115,0.01173,0.009815,0.02401,0.02123,0.3932,0.3963,
1.483,0.2146,0.05958,0.01104,0.007776,0.04613,0.02118,0.01169,0.00985,0.02396,0.02181,0.3931,0.3939,
1.482,0.213,0.05891,0.01112,0.007778,0.04632,0.02127,0.01164,0.01026,0.02345,0.02159,0.3933,0.3944,
1.479,0.2073,0.05718,0.01113,0.007807,0.04664,0.0211,0.01161,0.01027,0.02347,0.02143,0.3933,0.396,
1.479,0.2127,0.0569,0.01115,0.007812,0.04688,0.0211,0.01161,0.01035,0.02381,0.02086,0.3935,0.3961,
1.484,0.2047,0.0595,0.0111,0.007819,0.04677,0.02107,0.01138,0.01037,0.02388,0.02123,0.3933,0.3936,
1.484,0.1988,0.05926,0.01112,0.007823,0.0468,0.02107,0.01139,0.01042,0.02389,0.02141,0.3933,0.3935,
1.481,0.2052,0.05758,0.01125,0.007837,0.04692,0.02107,0.01131,0.01042,0.02409,0.02123,0.3933,0.395,
1.476,0.2115,0.05559,0.01126,0.007836,0.04687,0.02091,0.01244,0.009237,0.02408,0.02117,0.3933,0.3973,
1.475,0.2137,0.05479,0.01126,0.007847,0.04688,0.0209,0.01238,0.009252,0.02423,0.02099,0.3934,0.3981,
1.484,0.2123,0.05965,0.01125,0.007845,0.04691,0.02198,0.0113,0.009341,0.02427,0.02092,0.3935,0.393,
1.482,0.2068,0.05894,0.01131,0.007847,0.04693,0.02194,0.01131,0.009239,0.02435,0.02065,0.3935,0.3939,
1.48,0.2102,0.05812,0.01137,0.00779,0.04698,0.02191,0.01125,0.00932,0.02432,0.02054,0.3936,0.3948,
1.486,0.2058,0.05936,0.01142,0.007793,0.04699,0.02191,0.01132,0.009247,0.02475,0.02128,0.3925,0.3934,
1.485,0.2048,0.05849,0.01134,0.007793,0.04689,0.02184,0.01141,0.009151,0.02479,0.02178,0.393,0.3935,
1.48,0.2069,0.05634,0.01136,0.007796,0.04688,0.02201,0.01128,0.009252,0.02474,0.02141,0.3933,0.3956,
1.477,0.2051,0.05535,0.01138,0.007805,0.04707,0.02182,0.01125,0.009297,0.02478,0.02116,0.3933,0.3967,
1.485,0.2079,0.05883,0.01136,0.00782,0.04705,0.0218,0.01124,0.009291,0.02503,0.02134,0.3932,0.3931,
1.485,0.2097,0.0587,0.01135,0.007843,0.04707,0.0218,0.01127,0.009448,0.02479,0.0215,0.3932,0.3931,
1.482,0.2115,0.05721,0.01116,0.007843,0.04718,0.02183,0.01123,0.009401,0.02486,0.02135,0.3933,0.3946,
1.486,0.2112,0.05833,0.0112,0.007844,0.0473,0.02195,0.01112,0.009482,0.02508,0.02156,0.3929,0.3933,
1.482,0.2196,0.05684,0.01108,0.007842,0.04729,0.02194,0.01115,0.009367,0.02507,0.02155,0.3933,0.3946,
1.477,0.2175,0.05568,0.01105,0.007836,0.04742,0.02138,0.01109,0.009332,0.02572,0.02075,0.3936,0.3962,
1.477,0.2151,0.0553,0.01111,0.007848,0.04743,0.02157,0.01099,0.009332,0.02575,0.02066,0.3936,0.3964,
1.483,0.2264,0.05833,0.01113,0.007849,0.04738,0.02153,0.01108,0.009374,0.0258,0.02061,0.3935,0.3934,
1.48,0.2278,0.05696,0.0111,0.007886,0.04732,0.02164,0.01092,0.009455,0.02571,0.02049,0.3939,0.3947,
1.481,0.2252,0.05711,0.01119,0.007839,0.04725,0.02182,0.01082,0.009401,0.02573,0.02072,0.3937,0.3944,
1.478,0.2303,0.0562,0.01119,0.007847,0.04721,0.02163,0.01075,0.009521,0.026,0.02026,0.3939,0.3955,
1.476,0.237,0.05526,0.01125,0.007857,0.04729,0.02158,0.01075,0.009576,0.02607,0.02001,0.3939,0.3964,
1.475,0.2318,0.05461,0.01125,0.007871,0.04729,0.02166,0.01067,0.009742,0.02627,0.01965,0.394,0.397,
1.474,0.2259,0.05406,0.01125,0.007905,0.04734,0.02171,0.01071,0.009664,0.02631,0.01953,0.3941,0.3974,
1.482,0.2195,0.05745,0.01119,0.007885,0.04742,0.02176,0.01062,0.009734,0.02631,0.01999,0.3937,0.394,
1.484,0.2197,0.05753,0.01115,0.007865,0.04732,0.02178,0.0106,0.00979,0.02612,0.02082,0.3936,0.3934,
1.485,0.2181,0.05742,0.01112,0.007876,0.04731,0.02174,0.01059,0.009741,0.02645,0.02113,0.393,0.3936,
1.485,0.2203,0.05691,0.01124,0.007876,0.04733,0.02175,0.01063,0.009596,0.02671,0.02113,0.3933,0.3935,
1.485,0.2091,0.057,0.01115,0.007877,0.04728,0.02179,0.01059,0.009637,0.0269,0.02107,0.3934,0.3933,
1.483,0.2101,0.05561,0.01118,0.007882,0.04724,0.02186,0.0105,0.009632,0.02692,0.02152,0.3933,0.3944,
1.477,0.2063,0.0533,0.01091,0.007871,0.0472,0.02184,0.01047,0.009673,0.02698,0.02131,0.3933,0.3971,
1.485,0.2062,0.05611,0.01086,0.00791,0.04711,0.0218,0.01074,0.009516,0.02706,0.02213,0.3925,0.3943,
1.488,0.2073,0.05705,0.01085,0.007908,0.04687,0.02161,0.01066,0.009624,0.02724,0.02256,0.3929,0.3927,
1.487,0.2133,0.05639,0.0108,0.007906,0.04671,0.02166,0.01056,0.009574,0.02743,0.02276,0.3929,0.3933,
1.484,0.2129,0.05584,0.01078,0.007921,0.04659,0.02134,0.01049,0.009645,0.02746,0.02255,0.393,0.3944,
1.48,0.201,0.05434,0.01081,0.007921,0.04666,0.02128,0.01046,0.009648,0.02757,0.02225,0.3931,0.3959,
1.478,0.2027,0.05343,0.01078,0.007894,0.04677,0.02093,0.01046,0.009831,0.02743,0.02213,0.3932,0.3971,
1.476,0.2009,0.0531,0.01076,0.007908,0.04678,0.0209,0.01034,0.009811,0.02746,0.02199,0.3934,0.3976,
1.484,0.2004,0.05688,0.0108,0.00793,0.04663,0.02073,0.01029,0.009885,0.02744,0.02253,0.3932,0.3937,
1.486,0.1967,0.0571,0.0108,0.007937,0.04656,0.02068,0.01024,0.009967,0.02731,0.02322,0.3929,0.3933,
1.487,0.2007,0.05724,0.01084,0.007944,0.04645,0.02069,0.01029,0.009916,0.0274,0.02329,0.393,0.393,
1.483,0.2013,0.05569,0.01079,0.00793,0.04639,0.02069,0.01023,0.01005,0.02736,0.02316,0.3933,0.3945,
1.485,0.1979,0.05632,0.01078,0.007928,0.04623,0.02076,0.01024,0.01004,0.02734,0.02326,0.3933,0.3938,
1.481,0.1971,0.05465,0.01075,0.007927,0.04632,0.02069,0.01031,0.009947,0.02735,0.02317,0.3935,0.3954,
1.486,0.1998,0.0569,0.01079,0.007913,0.04626,0.02072,0.01031,0.009947,0.02735,0.0233,0.3934,0.3931,
1.483,0.2179,0.05653,0.01079,0.007922,0.04624,0.02288,0.008147,0.009941,0.02754,0.0229,0.3935,0.3936,
1.484,0.2142,0.056,0.01076,0.007936,0.04687,0.02291,0.008148,0.009964,0.02757,0.02313,0.3935,0.3933,
1.481,0.2091,0.05493,0.01066,0.007946,0.04672,0.02288,0.008132,0.009916,0.02766,0.02305,0.3936,0.3945,
1.475,0.2263,0.05293,0.01042,0.00796,0.04671,0.02281,0.008218,0.009886,0.02753,0.02292,0.3937,0.397,
1.485,0.2169,0.05642,0.01049,0.007974,0.04665,0.02276,0.00818,0.01,0.02778,0.02366,0.3926,0.3935,
1.482,0.2163,0.05503,0.01048,0.007962,0.04669,0.02278,0.008133,0.01003,0.02784,0.02352,0.3934,0.3942,
1.483,0.2177,0.055,0.01049,0.007952,0.04668,0.02283,0.01151,0.00658,0.02789,0.02415,0.3932,0.3937,
1.481,0.2166,0.0541,0.0105,0.007979,0.04665,0.02267,0.01159,0.00655,0.02806,0.02387,0.3933,0.3947,
1.48,0.2173,0.05338,0.0105,0.007994,0.04681,0.02263,0.01158,0.006636,0.02824,0.02361,0.3934,0.3952,
1.478,0.2201,0.05265,0.01046,0.00801,0.04683,0.02267,0.01151,0.006683,0.02825,0.02355,0.3934,0.396,
1.476,0.2041,0.05154,0.01044,0.008016,0.04686,0.02257,0.01155,0.006671,0.02835,0.02337,0.3934,0.3972,
1.484,0.2011,0.05518,0.01038,0.008019,0.04677,0.02256,0.01155,0.006669,0.02835,0.02378,0.3934,0.3934,
1.484,0.1968,0.0553,0.01042,0.008003,0.04666,0.0225,0.01152,0.00662,0.0285,0.02408,0.3933,0.3931,
1.482,0.2,0.05394,0.01033,0.007999,0.04662,0.02246,0.01165,0.006448,0.02861,0.02421,0.3933,0.3944,
1.479,0.1935,0.053,0.01033,0.008004,0.04657,0.0222,0.0117,0.00641,0.02893,0.02381,0.3934,0.3956,
1.483,0.1985,0.0551,0.01037,0.008009,0.04651,0.0222,0.01167,0.006384,0.02897,0.02378,0.3935,0.3935,
1.481,0.1971,0.05433,0.01044,0.008012,0.04654,0.02225,0.01171,0.006316,0.02898,0.02369,0.3936,0.3942,
1.478,0.2001,0.053,0.01048,0.008048,0.04645,0.02215,0.0117,0.006324,0.02912,0.02351,0.3936,0.3956,
1.482,0.1995,0.05495,0.01057,0.008053,0.04639,0.02213,0.01167,0.006314,0.02933,0.02334,0.3936,0.3936,
1.478,0.209,0.05371,0.01048,0.008061,0.04636,0.02214,0.01154,0.006334,0.03023,0.02222,0.3938,0.3951,
1.485,0.1995,0.05496,0.01047,0.00806,0.04659,0.02205,0.01154,0.006316,0.03035,0.02361,0.3929,0.3931,
1.483,0.2133,0.05432,0.01041,0.008042,0.04641,0.022,0.0115,0.006365,0.03068,0.02345,0.3932,0.3937,
1.481,0.2149,0.05381,0.01043,0.008044,0.04643,0.02181,0.01146,0.006423,0.03067,0.02324,0.3933,0.3944,
1.476,0.1977,0.05192,0.009986,0.008073,0.04639,0.02167,0.01142,0.006468,0.03099,0.02287,0.3934,0.3968,
1.483,0.1939,0.05491,0.009995,0.008063,0.04628,0.02169,0.01133,0.006414,0.03106,0.02376,0.3931,0.3934,
1.481,0.1972,0.054,0.01002,0.008072,0.04624,0.02156,0.01126,0.00654,0.03093,0.02377,0.3932,0.3944,
1.478,0.1978,0.05287,0.009949,0.008099,0.04626,0.02131,0.01108,0.006713,0.03112,0.02341,0.3933,0.3959,
1.484,0.1965,0.05609,0.009947,0.007991,0.04615,0.02118,0.01107,0.006831,0.03114,0.02367,0.393,0.3929,
1.485,0.1983,0.05584,0.009936,0.008003,0.04619,0.02113,0.01105,0.006998,0.0313,0.02381,0.393,0.3928,
1.484,0.1996,0.05516,0.009942,0.008027,0.04602,0.02097,0.01106,0.007499,0.03081,0.02374,0.3932,0.3936,
1.481,0.2012,0.05374,0.009938,0.008034,0.04594,0.02112,0.01098,0.007633,0.03076,0.0236,0.3932,0.395,
1.483,0.2019,0.05501,0.009942,0.008032,0.04584,0.02113,0.01089,0.007969,0.03102,0.0231,0.3933,0.3938,
1.485,0.2051,0.05525,0.01007,0.008047,0.04576,0.02113,0.01084,0.008057,0.03111,0.02307,0.3932,0.3934,
1.483,0.2064,0.05431,0.01009,0.00806,0.04573,0.02098,0.01083,0.008363,0.03115,0.02271,0.3933,0.3945,
1.48,0.2086,0.05341,0.01004,0.008032,0.0457,0.02101,0.0107,0.008609,0.03103,0.02256,0.3933,0.3956,
1.486,0.2011,0.05601,0.01001,0.008037,0.04573,0.02097,0.01118,0.008063,0.03145,0.02246,0.3932,0.3929,
1.483,0.2223,0.05514,0.009997,0.008061,0.04604,0.02313,0.008868,0.008333,0.03143,0.02221,0.3933,0.3935,
1.478,0.2081,0.05297,0.009953,0.008055,0.04613,0.0231,0.00881,0.008388,0.03185,0.02173,0.3933,0.3957,
1.475,0.215,0.05168,0.009924,0.00806,0.04611,0.02295,0.008877,0.008329,0.03207,0.02146,0.3934,0.3971,
1.482,0.2159,0.05524,0.009863,0.008069,0.04596,0.02283,0.008929,0.008338,0.03215,0.02178,0.3933,0.3936,
1.484,0.2039,0.05525,0.009873,0.008011,0.04589,0.02283,0.008887,0.008292,0.03216,0.02278,0.3929,0.3932,
1.483,0.2042,0.05451,0.009816,0.008023,0.04583,0.02289,0.008823,0.008292,0.03216,0.02278,0.3929,0.3939,
1.481,0.2045,0.05396,0.009873,0.008027,0.04576,0.0229,0.008861,0.008159,0.03301,0.02184,0.3931,0.3945,
1.478,0.2085,0.05327,0.00988,0.00804,0.04561,0.02284,0.008897,0.008136,0.03309,0.02141,0.3934,0.3954,
1.477,0.2088,0.05309,0.009875,0.00806,0.04553,0.0228,0.008895,0.008088,0.03311,0.02138,0.3933,0.3958,
1.474,0.2135,0.05177,0.009864,0.008079,0.04571,0.02284,0.008856,0.008089,0.0333,0.02106,0.3934,0.397,
1.481,0.2081,0.05478,0.009915,0.00808,0.04571,0.02287,0.008805,0.008095,0.03325,0.02141,0.3933,0.3938,
1.481,0.2092,0.05458,0.009957,0.008097,0.04568,0.02296,0.008728,0.008114,0.03343,0.02116,0.3933,0.394,
1.476,0.2148,0.05245,0.009889,0.008121,0.04563,0.02296,0.008756,0.008123,0.03362,0.02095,0.3935,0.396,
1.472,0.224,0.05055,0.009844,0.008112,0.04592,0.02293,0.01046,0.006438,0.03383,0.02072,0.3935,0.3977,
1.483,0.2151,0.05503,0.009826,0.008122,0.04573,0.02286,0.01047,0.006421,0.03379,0.02169,0.3932,0.3929,
1.483,0.2149,0.0541,0.009822,0.008124,0.04562,0.02291,0.01044,0.006478,0.03381,0.02216,0.393,0.3936,
1.481,0.2128,0.05338,0.00983,0.008124,0.04556,0.02293,0.01041,0.006413,0.03385,0.02209,0.393,0.3944,
1.476,0.2106,0.05272,0.009777,0.008136,0.04556,0.02616,0.007162,0.006619,0.03406,0.0216,0.3931,0.3951,
1.473,0.2082,0.05153,0.009695,0.008126,0.04549,0.02624,0.007074,0.0067,0.03396,0.0216,0.3932,0.3964,
1.48,0.2004,0.0545,0.009682,0.008125,0.04555,0.02617,0.007073,0.007073,0.0338,0.02162,0.3931,0.3933,
1.478,0.2007,0.05356,0.009599,0.008124,0.0455,0.02612,0.007026,0.007204,0.03364,0.02162,0.3932,0.3945,
1.473,0.2027,0.05184,0.009509,0.008074,0.04539,0.02617,0.007009,0.007253,0.03362,0.02153,0.3932,0.3964,
1.47,0.2007,0.05092,0.009492,0.008094,0.04529,0.02562,0.007033,0.007301,0.03374,0.02126,0.3933,0.3979,
1.469,0.2036,0.05041,0.009579,0.008106,0.0455,0.0256,0.006963,0.007519,0.03353,0.02126,0.3934,0.3981,
1.464,0.2056,0.04877,0.009429,0.008088,0.0457,0.02523,0.006892,0.007669,0.03342,0.02092,0.3935,0.4003,
1.459,0.2097,0.04777,0.009437,0.008098,0.04574,0.02561,0.006221,0.007828,0.03358,0.02036,0.3937,0.4016,
1.458,0.207,0.04743,0.009446,0.008105,0.04567,0.02552,0.006207,0.007909,0.03348,0.02024,0.3937,0.4023,
1.453,0.209,0.04564,0.00942,0.008121,0.04568,0.02539,0.006112,0.007949,0.03375,0.01993,0.3937,0.4043,
1.455,0.2141,0.0454,0.009454,0.008129,0.0456,0.02509,0.006081,0.01058,0.03125,0.01965,0.3938,0.405,
1.477,0.1992,0.0562,0.009382,0.008114,0.04557,0.02513,0.006081,0.01062,0.0313,0.01965,0.3938,0.3941,
1.474,0.1998,0.05506,0.009413,0.008119,0.04554,0.02495,0.006123,0.01074,0.03122,0.01944,0.3939,0.3955,
1.473,0.2108,0.0535,0.009396,0.008136,0.04554,0.02499,0.006042,0.01294,0.0294,0.01905,0.3939,0.3971,
1.481,0.1967,0.0566,0.009458,0.008136,0.04564,0.02483,0.006039,0.01317,0.02972,0.01921,0.3938,0.3934,
1.471,0.2003,0.05599,0.00943,0.008105,0.04565,0.022,0.006096,0.01325,0.02948,0.01919,0.3938,0.397,
1.476,0.1906,0.05833,0.009438,0.008103,0.04579,0.02183,0.006083,0.01329,0.02984,0.019,0.3937,0.3946,
1.473,0.1931,0.05731,0.00944,0.008112,0.04574,0.02171,0.006003,0.01336,0.02993,0.01884,0.3938,0.3958,
1.477,0.1889,0.05952,0.009463,0.008113,0.04577,0.0214,0.006073,0.01329,0.02991,0.01902,0.3937,0.3937,
1.475,0.1926,0.05882,0.009475,0.008126,0.04567,0.02134,0.006074,0.01341,0.02981,0.0189,0.3939,0.3945,
1.475,0.196,0.05843,0.009534,0.008121,0.04573,0.02142,0.006115,0.01355,0.02969,0.01878,0.3939,0.3947,
1.478,0.1955,0.0595,0.009571,0.008089,0.0457,0.02149,0.006067,0.0136,0.02968,0.01908,0.3936,0.3936,
1.474,0.2044,0.05819,0.009582,0.008099,0.04558,0.02145,0.005946,0.0138,0.02968,0.01856,0.3939,0.3952,
1.471,0.2018,0.0574,0.009605,0.008105,0.04559,0.02163,0.005628,0.01372,0.02978,0.01813,0.3943,0.3962,
1.469,0.2028,0.05653,0.009611,0.008111,0.04556,0.02163,0.00567,0.01376,0.02967,0.01813,0.3942,0.3971,
1.465,0.206,0.05478,0.00953,0.008139,0.04553,0.02155,0.005745,0.01379,0.02979,0.01791,0.3943,0.399,
1.474,0.2043,0.05917,0.009555,0.008143,0.04552,0.02151,0.005834,0.01375,0.02998,0.01798,0.3942,0.3944,
1.476,0.2061,0.05903,0.009598,0.008147,0.04528,0.02124,0.005898,0.01365,0.02999,0.0191,0.3938,0.3942,
1.474,0.2124,0.05781,0.009612,0.008165,0.04528,0.0212,0.005931,0.01369,0.02991,0.0191,0.3938,0.3955,
1.472,0.207,0.05688,0.009593,0.00817,0.04529,0.02121,0.005883,0.01381,0.0298,0.01902,0.3939,0.3964,
1.471,0.2155,0.05627,0.009625,0.008172,0.04517,0.02129,0.00583,0.01403,0.02963,0.01891,0.394,0.3971,
1.468,0.2224,0.05525,0.009636,0.008185,0.04528,0.02132,0.005806,0.01402,0.02961,0.01856,0.3942,0.3981,
1.465,0.2205,0.05395,0.009665,0.008192,0.04549,0.02121,0.005782,0.01407,0.02953,0.01838,0.3943,0.3994,
1.462,0.2429,0.05296,0.009648,0.008221,0.04549,0.0211,0.005786,0.01412,0.02946,0.01813,0.3945,0.4006,
1.46,0.2211,0.0523,0.009707,0.008231,0.04533,0.02106,0.00595,0.01415,0.02946,0.01778,0.3945,0.4016,
1.476,0.2134,0.05978,0.009637,0.008235,0.04524,0.02093,0.005886,0.01428,0.02936,0.01853,0.3942,0.3939,
1.474,0.2277,0.05897,0.009648,0.008254,0.04519,0.02095,0.005853,0.01437,0.02937,0.01831,0.3944,0.3947,
1.473,0.2147,0.05809,0.009697,0.008263,0.04527,0.02087,0.006005,0.0143,0.02948,0.01813,0.3944,0.3955,
1.469,0.2224,0.05644,0.009549,0.008254,0.04527,0.02097,0.00598,0.01436,0.02964,0.01784,0.3944,0.3973,
1.466,0.2195,0.05541,0.009577,0.008262,0.04529,0.02086,0.005902,0.01461,0.02935,0.01771,0.3945,0.3985,
1.461,0.2158,0.05346,0.009404,0.008268,0.04537,0.02061,0.005924,0.01465,0.02952,0.01743,0.3946,0.4008,
1.475,0.2066,0.05977,0.009467,0.008268,0.04537,0.02067,0.006067,0.01464,0.02961,0.01761,0.3941,0.3944,
1.472,0.207,0.05916,0.0095,0.008275,0.04535,0.02046,0.006107,0.01456,0.02977,0.01731,0.3945,0.395,
1.47,0.2094,0.05791,0.009523,0.008275,0.04537,0.0205,0.006098,0.01456,0.02984,0.01717,0.3946,0.3962,
1.468,0.2133,0.05688,0.009579,0.00829,0.04544,0.02041,0.006326,0.01434,0.02996,0.01692,0.3948,0.3971,
1.466,0.2165,0.05645,0.009583,0.008306,0.04544,0.0204,0.006453,0.01419,0.03012,0.01656,0.3948,0.3977,
1.464,0.2211,0.05553,0.009592,0.008298,0.04538,0.02037,0.006507,0.01415,0.03081,0.01576,0.3949,0.3988,
1.473,0.2383,0.05869,0.009629,0.008294,0.04532,0.02033,0.00657,0.01652,0.02837,0.0163,0.3947,0.3953,
1.477,0.2323,0.05973,0.009551,0.008298,0.04519,0.02025,0.006578,0.01651,0.02844,0.0171,0.3943,0.394,
1.478,0.2291,0.05961,0.009383,0.008296,0.04544,0.02031,0.006595,0.01662,0.02832,0.01744,0.3939,0.3941,
1.479,0.2271,0.05932,0.009461,0.008295,0.04539,0.02036,0.006578,0.01657,0.02821,0.01801,0.394,0.3937,
1.478,0.2279,0.05835,0.009473,0.008272,0.0454,0.02059,0.007977,0.01499,0.02861,0.01754,0.3941,0.3947,
1.475,0.224,0.05735,0.009497,0.008286,0.04522,0.02046,0.007954,0.01506,0.02855,0.0175,0.3942,0.3959,
1.473,0.2172,0.05657,0.0095,0.008284,0.04513,0.02053,0.007889,0.01514,0.02865,0.01734,0.3943,0.3967,
1.47,0.214,0.05487,0.009468,0.008243,0.04513,0.02045,0.007902,0.01514,0.02861,0.01734,0.3943,0.3985,
1.476,0.2103,0.05822,0.009486,0.008241,0.04498,0.02036,0.007885,0.01513,0.02875,0.01742,0.3943,0.3953,
1.473,0.21,0.05687,0.009347,0.008249,0.04506,0.02038,0.007912,0.01512,0.02867,0.01732,0.3944,0.3967,
1.477,0.2065,0.05917,0.009379,0.008255,0.0451,0.02041,0.007912,0.01516,0.02907,0.01677,0.3945,0.3943,
1.481,0.2119,0.05939,0.009383,0.008269,0.04514,0.02032,0.007909,0.01517,0.029,0.01798,0.3931,0.3943,
1.478,0.2071,0.05804,0.009381,0.008258,0.04508,0.02024,0.00793,0.01512,0.02896,0.01796,0.3939,0.3951,
1.475,0.2144,0.0568,0.009376,0.008273,0.0451,0.02028,0.007986,0.0151,0.02891,0.01787,0.3941,0.3963,
1.473,0.215,0.05592,0.009436,0.008273,0.04504,0.02029,0.008005,0.01499,0.02891,0.01787,0.3941,0.3972,
1.472,0.2254,0.05532,0.009397,0.008284,0.04488,0.02016,0.008078,0.01775,0.02625,0.01752,0.3942,0.3981,
1.467,0.2243,0.0531,0.00942,0.008199,0.04471,0.02005,0.008113,0.01779,0.02625,0.01738,0.3944,0.4005,
1.462,0.2141,0.05151,0.009372,0.008212,0.04477,0.02158,0.006695,0.01784,0.02615,0.0172,0.3945,0.4022,
1.479,0.2047,0.05952,0.009347,0.008211,0.04481,0.02161,0.006674,0.0178,0.02627,0.0178,0.394,0.394,
1.477,0.2059,0.05806,0.009299,0.008188,0.04491,0.02167,0.0068,0.01765,0.02634,0.01768,0.3944,0.395,
1.47,0.2063,0.05527,0.009269,0.008169,0.04479,0.02169,0.006808,0.01763,0.02634,0.01745,0.3945,0.398,
1.468,0.2063,0.05437,0.009275,0.00818,0.04472,0.02175,0.00669,0.01771,0.02627,0.01745,0.3946,0.3989,
1.466,0.2133,0.05354,0.0093,0.00818,0.04473,0.0215,0.006697,0.01986,0.02414,0.01737,0.3947,0.4,
1.48,0.2137,0.05885,0.009282,0.008174,0.04465,0.02133,0.01015,0.01642,0.02424,0.01775,0.3945,0.3947,
1.477,0.2143,0.05789,0.009303,0.008195,0.04463,0.02113,0.01016,0.01643,0.02439,0.01749,0.3945,0.3959,
1.475,0.2169,0.05695,0.009308,0.00816,0.04459,0.02112,0.01017,0.01639,0.02435,0.01743,0.3946,0.3969,
1.473,0.2184,0.05594,0.009302,0.008156,0.04467,0.02123,0.01017,0.0164,0.02432,0.01735,0.3947,0.3978,
1.482,0.207,0.05909,0.009238,0.008151,0.04476,0.02102,0.01026,0.01624,0.02438,0.01844,0.3943,0.3941,
1.477,0.2076,0.05676,0.009191,0.008168,0.04475,0.02099,0.01044,0.01612,0.02431,0.01836,0.3944,0.3965,
1.474,0.2099,0.05541,0.009194,0.008179,0.04477,0.02109,0.01046,0.01598,0.02427,0.01836,0.3944,0.3979,
1.472,0.2115,0.0545,0.009156,0.008179,0.04468,0.02135,0.01029,0.01601,0.02416,0.01825,0.3946,0.3988,
1.481,0.2101,0.05778,0.009171,0.00817,0.04464,0.02136,0.01049,0.0158,0.02414,0.01917,0.3942,0.3951,
1.478,0.2083,0.05634,0.009166,0.008181,0.04457,0.02118,0.01059,0.01574,0.02424,0.01904,0.3943,0.3967,
1.482,0.2067,0.05845,0.009073,0.00819,0.04457,0.02121,0.01048,0.01574,0.02433,0.0193,0.3942,0.3945,
1.478,0.2058,0.05627,0.009087,0.008216,0.04454,0.0214,0.01037,0.01569,0.02439,0.01913,0.3943,0.3966,
1.475,0.2075,0.05542,0.008988,0.008184,0.04455,0.0214,0.0104,0.01576,0.02429,0.01896,0.3943,0.3977,
1.472,0.2367,0.0543,0.009038,0.008186,0.04468,0.0214,0.01036,0.01569,0.0243,0.01885,0.3944,0.3988,
1.469,0.2328,0.05308,0.008953,0.008188,0.04476,0.02132,0.01047,0.01562,0.02435,0.01863,0.3945,0.4001,
1.465,0.2338,0.05105,0.008936,0.008187,0.04477,0.02128,0.01047,0.01557,0.02456,0.01842,0.3945,0.4022,
1.481,0.2245,0.05827,0.008975,0.008185,0.04474,0.02118,0.01042,0.0157,0.02458,0.01915,0.3942,0.3946,
1.482,0.2213,0.05775,0.008941,0.008158,0.04478,0.02106,0.01042,0.01577,0.02473,0.01957,0.394,0.3949,
1.484,0.2146,0.05826,0.008931,0.008159,0.04473,0.02098,0.01045,0.01579,0.02456,0.02033,0.3937,0.3941,
1.481,0.2333,0.05653,0.008929,0.008163,0.04459,0.02097,0.0105,0.01591,0.02454,0.02008,0.3939,0.3959,
1.479,0.2163,0.05571,0.008982,0.008164,0.04468,0.02076,0.01056,0.01588,0.0247,0.01988,0.3939,0.3968,
1.476,0.2033,0.05472,0.009002,0.00817,0.04468,0.02077,0.01058,0.01587,0.02508,0.01936,0.394,0.3978,
1.488,0.1972,0.05873,0.00899,0.008176,0.04458,0.02074,0.01061,0.01582,0.02501,0.02088,0.3934,0.393,
1.486,0.1981,0.05763,0.009023,0.008165,0.04443,0.02064,0.01042,0.01584,0.02496,0.0214,0.3933,0.3942,
1.483,0.2033,0.05622,0.009031,0.008165,0.04451,0.02058,0.01054,0.01573,0.02559,0.0207,0.3934,0.3955,
1.481,0.2066,0.05536,0.009067,0.008173,0.0444,0.02072,0.01041,0.01581,0.0258,0.02028,0.3935,0.3965,
1.476,0.2522,0.05326,0.009004,0.008104,0.0444,0.02068,0.01044,0.01574,0.02604,0.02,0.3936,0.3988,
1.474,0.2015,0.05255,0.009026,0.008113,0.04436,0.02071,0.01053,0.01558,0.02611,0.01994,0.3937,0.3994,
1.489,0.1969,0.05834,0.009003,0.008133,0.04425,0.0208,0.01049,0.01548,0.02641,0.02084,0.3932,0.393,
1.486,0.2099,0.05716,0.008984,0.008147,0.04418,0.02087,0.01043,0.01553,0.02673,0.02042,0.3934,0.3942,
1.484,0.2065,0.05599,0.00899,0.008154,0.04428,0.02091,0.01034,0.01553,0.02688,0.02028,0.3934,0.3952,
1.486,0.207,0.05699,0.009011,0.008147,0.04425,0.02104,0.01027,0.01553,0.02705,0.02019,0.3934,0.3941,
1.483,0.218,0.05585,0.009029,0.008149,0.04418,0.02103,0.01035,0.01534,0.02706,0.02012,0.3935,0.3954,
1.486,0.2152,0.05753,0.008976,0.008149,0.04417,0.02104,0.01024,0.0153,0.02723,0.02003,0.3934,0.3939,
1.486,0.2154,0.05739,0.008885,0.00817,0.0444,0.02087,0.01028,0.01535,0.02725,0.02013,0.3935,0.3938,
1.481,0.2168,0.05477,0.008902,0.008146,0.04434,0.02074,0.01039,0.01527,0.02736,0.02022,0.3935,0.3964,
1.48,0.2133,0.05422,0.008923,0.008101,0.0442,0.02079,0.01034,0.01522,0.02754,0.02005,0.3936,0.3971,
1.477,0.2116,0.05328,0.008895,0.008103,0.04414,0.0208,0.01034,0.01525,0.02778,0.01978,0.3936,0.398,
1.487,0.2004,0.05791,0.008912,0.008106,0.04405,0.02087,0.0103,0.01517,0.02794,0.01982,0.3937,0.3933,
1.486,0.2125,0.05711,0.008986,0.008108,0.04409,0.02084,0.01025,0.01511,0.0286,0.01952,0.3936,0.3938,
1.487,0.204,0.05714,0.008955,0.008112,0.04402,0.02076,0.01031,0.01501,0.02871,0.02,0.3934,0.3936,
1.487,0.1974,0.05682,0.009007,0.008112,0.04394,0.0208,0.01033,0.01514,0.02853,0.02001,0.3935,0.3938,
1.485,0.1983,0.05588,0.009011,0.008116,0.04416,0.02064,0.01047,0.01514,0.02864,0.01974,0.3936,0.3946,
1.483,0.197,0.05485,0.009053,0.008116,0.04407,0.0207,0.0106,0.01491,0.02889,0.0195,0.3937,0.3956,
1.478,0.2017,0.05278,0.009088,0.008127,0.04391,0.02089,0.01041,0.01497,0.02904,0.01925,0.3938,0.3978,
1.476,0.2036,0.05198,0.009133,0.008127,0.04384,0.0209,0.01051,0.01484,0.02897,0.01926,0.3938,0.3986,
1.476,0.206,0.05161,0.009203,0.008129,0.04379,0.02098,0.01055,0.01487,0.02932,0.01878,0.3939,0.3988,
1.474,0.2052,0.05095,0.009176,0.008145,0.04374,0.02097,0.01059,0.01484,0.02932,0.0186,0.394,0.3996,
1.483,0.2039,0.05551,0.009182,0.008155,0.04371,0.02103,0.01068,0.01475,0.02941,0.01851,0.3941,0.395,
1.479,0.2052,0.05393,0.009092,0.008132,0.04366,0.02103,0.01078,0.01482,0.02931,0.01831,0.3942,0.3968,
1.487,0.202,0.05684,0.009106,0.008145,0.04367,0.0212,0.01073,0.01481,0.02927,0.01881,0.3937,0.3938,
1.484,0.1978,0.05554,0.009129,0.00813,0.04362,0.02118,0.0108,0.01482,0.02935,0.01859,0.3941,0.3948,
1.482,0.2075,0.05463,0.009136,0.008147,0.04362,0.02124,0.01073,0.01477,0.02931,0.01859,0.3941,0.3957,
1.48,0.207,0.05381,0.009093,0.008114,0.04368,0.02123,0.01074,0.01476,0.02944,0.01843,0.3942,0.3965,
1.485,0.2001,0.0564,0.009129,0.008117,0.04357,0.02133,0.01062,0.01476,0.02992,0.01828,0.3941,0.3938,
1.483,0.2015,0.05549,0.009094,0.008091,0.04349,0.02148,0.01055,0.01472,0.03006,0.01807,0.3942,0.3948,
1.486,0.1998,0.05622,0.009098,0.008083,0.04348,0.02143,0.01052,0.01494,0.02988,0.01868,0.3939,0.3938,
1.489,0.1971,0.05584,0.00911,0.008073,0.04352,0.02149,0.01054,0.01484,0.02977,0.01979,0.3935,0.3935,
1.487,0.1989,0.05417,0.009061,0.008082,0.04357,0.02153,0.01054,0.01978,0.0251,0.01942,0.3936,0.3952,
1.485,0.1992,0.05316,0.009044,0.008081,0.04354,0.02153,0.0105,0.01979,0.02519,0.01929,0.3937,0.3962,
1.483,0.2071,0.05188,0.009031,0.008079,0.04384,0.02167,0.01224,0.01795,0.02512,0.01923,0.3938,0.3971,
1.482,0.2108,0.05127,0.009009,0.00809,0.04373,0.02176,0.01215,0.01818,0.02503,0.01907,0.3939,0.3978,
1.488,0.2112,0.05503,0.008907,0.008095,0.04371,0.02328,0.01077,0.01806,0.02539,0.01868,0.394,0.3941,
1.492,0.2153,0.05492,0.008901,0.008083,0.04359,0.02337,0.01059,0.0224,0.021,0.02022,0.3934,0.3935,
1.488,0.2081,0.05342,0.008871,0.008077,0.04351,0.02353,0.01048,0.02358,0.01999,0.01989,0.3936,0.3951,
1.49,0.2029,0.05447,0.008895,0.00807,0.04348,0.02354,0.01063,0.02342,0.02013,0.0198,0.3937,0.3939,
1.494,0.2046,0.05487,0.008911,0.008071,0.04339,0.02356,0.01057,0.02344,0.02017,0.02078,0.3933,0.3929,
1.492,0.2071,0.05372,0.009068,0.008072,0.04322,0.02341,0.01068,0.02345,0.02015,0.02079,0.3934,0.394,
1.494,0.2132,0.05437,0.009091,0.008081,0.04326,0.0234,0.0108,0.02336,0.02031,0.02074,0.3934,0.3932,
1.493,0.2058,0.05373,0.009146,0.00809,0.04316,0.0235,0.01096,0.02313,0.02038,0.0206,0.3935,0.3938,
1.494,0.2072,0.05345,0.009139,0.008106,0.04316,0.02357,0.01098,0.02309,0.02058,0.02111,0.3932,0.3936,
1.493,0.2112,0.05304,0.009119,0.008118,0.04315,0.02338,0.01125,0.02299,0.02042,0.02112,0.3933,0.3942,
1.488,0.2095,0.05127,0.008966,0.008115,0.04304,0.02318,0.01124,0.02304,0.02035,0.02096,0.3934,0.3964,
1.487,0.2109,0.05112,0.008954,0.008134,0.04302,0.02303,0.01126,0.02302,0.02035,0.02086,0.3935,0.3968,
1.485,0.212,0.05061,0.008964,0.008141,0.04313,0.02294,0.01134,0.02302,0.0204,0.02057,0.3936,0.3973,
1.482,0.2134,0.04927,0.008924,0.008143,0.04309,0.02314,0.01123,0.02299,0.02043,0.0204,0.3937,0.3987,
1.479,0.2148,0.04833,0.00889,0.008157,0.04293,0.02326,0.0112,0.02295,0.02049,0.0201,0.3939,0.3998,
1.476,0.2154,0.0478,0.008883,0.008162,0.04287,0.02527,0.009426,0.02272,0.02059,0.01987,0.394,0.4004,
1.472,0.2216,0.04639,0.008877,0.008132,0.04285,0.02527,0.009505,0.02272,0.02074,0.01961,0.394,0.402,
1.471,0.2282,0.04543,0.008907,0.008132,0.04289,0.02528,0.009671,0.02249,0.02118,0.01917,0.394,0.4028,
1.489,0.2128,0.05352,0.008849,0.008112,0.04284,0.02526,0.009714,0.02233,0.02117,0.01992,0.3938,0.3945,
1.49,0.21,0.05391,0.008876,0.008114,0.04293,0.02514,0.009919,0.02204,0.02138,0.0199,0.3937,0.3941,
1.492,0.2151,0.05461,0.008889,0.008121,0.04285,0.0249,0.01009,0.0218,0.02165,0.02016,0.3936,0.3933,
1.493,0.2206,0.05428,0.008935,0.008122,0.04295,0.02489,0.01007,0.02167,0.02172,0.02049,0.3935,0.3934,
1.492,0.21,0.05386,0.009036,0.008142,0.04295,0.02506,0.01006,0.02155,0.022,0.02018,0.3936,0.3936,
1.495,0.2097,0.05403,0.009035,0.008157,0.04288,0.0249,0.01007,0.02136,0.02198,0.02143,0.3931,0.3931,
1.496,0.2103,0.05373,0.009017,0.00815,0.04285,0.0246,0.01011,0.02135,0.02188,0.02223,0.3928,0.3933,
1.495,0.2503,0.05336,0.009036,0.008166,0.04299,0.02471,0.009993,0.0214,0.02173,0.02205,0.3929,0.3936,
1.492,0.2191,0.0525,0.009044,0.008172,0.04302,0.02475,0.01004,0.02133,0.0217,0.02184,0.3931,0.3946,
1.497,0.2275,0.05412,0.009031,0.00817,0.04292,0.02468,0.01002,0.02125,0.0221,0.02229,0.3927,0.3927,
1.498,0.2259,0.05377,0.009089,0.008167,0.04285,0.0247,0.01005,0.0211,0.02256,0.02255,0.3924,0.3927,
1.493,0.2206,0.05266,0.009053,0.008171,0.04307,0.02376,0.01023,0.02076,0.02265,0.02233,0.3925,0.3948,
1.501,0.2158,0.05476,0.009014,0.008167,0.04301,0.02392,0.01014,0.02065,0.02277,0.02376,0.3919,0.3919,
1.501,0.2182,0.05464,0.00888,0.008163,0.04291,0.02412,0.01001,0.02055,0.02286,0.02401,0.3918,0.392,
1.497,0.2273,0.0533,0.00891,0.008165,0.04281,0.02407,0.01008,0.02029,0.02294,0.0238,0.392,0.3937,
1.501,0.2036,0.05404,0.008916,0.008161,0.04275,0.02411,0.01007,0.02017,0.02316,0.02449,0.3917,0.3925,
1.499,0.206,0.05345,0.008837,0.008168,0.0427,0.02424,0.01004,0.02005,0.02313,0.0245,0.3917,0.3932,
1.497,0.2173,0.05272,0.008705,0.008149,0.04273,0.0243,0.01003,0.02012,0.02319,0.02425,0.3917,0.3941,
1.504,0.2253,0.05483,0.008745,0.008149,0.04299,0.0243,0.01014,0.02005,0.02376,0.02418,0.3913,0.3915,
1.506,0.2012,0.05338,0.008644,0.008146,0.04399,0.02427,0.01015,0.01993,0.02377,0.02561,0.3905,0.3917,
1.507,0.2017,0.05361,0.008623,0.008134,0.04391,0.02428,0.01007,0.01988,0.024,0.02578,0.3909,0.3908,
1.505,0.2047,0.05287,0.008667,0.008141,0.04388,0.02437,0.009973,0.01979,0.02458,0.02513,0.3909,0.3917,
1.507,0.2074,0.0536,0.008677,0.00814,0.04375,0.0244,0.01026,0.01946,0.02484,0.02516,0.3909,0.3909,
1.504,0.206,0.05264,0.008727,0.008139,0.04376,0.02421,0.01031,0.01947,0.02493,0.02475,0.391,0.3921,
1.506,0.2031,0.05357,0.008628,0.008154,0.04378,0.02434,0.01019,0.01954,0.02506,0.0247,0.391,0.3911,
1.503,0.2064,0.05236,0.008582,0.008155,0.04375,0.02443,0.01027,0.0193,0.02514,0.02455,0.3911,0.3924,
1.499,0.2158,0.05058,0.008518,0.008145,0.0438,0.02437,0.01018,0.01927,0.02518,0.02444,0.3912,0.3944,
1.495,0.2174,0.04911,0.008477,0.00817,0.04389,0.02441,0.01004,0.01933,0.02557,0.02391,0.3913,0.3958,
1.502,0.2147,0.05265,0.008418,0.008163,0.04393,0.02445,0.01012,0.0193,0.0255,0.02398,0.3913,0.3922,
1.501,0.2151,0.05222,0.008431,0.008169,0.04397,0.02443,0.01001,0.01929,0.02551,0.0239,0.3913,0.3927,
1.504,0.2142,0.05326,0.008441,0.008157,0.04403,0.02442,0.009953,0.01938,0.02552,0.02431,0.3912,0.3914,
1.501,0.2231,0.05191,0.008445,0.008173,0.04402,0.02442,0.00987,0.01947,0.02544,0.02421,0.3913,0.3928,
1.499,0.2143,0.0515,0.008505,0.008187,0.04401,0.02574,0.008413,0.02496,0.02042,0.0236,0.3913,0.3933,
1.496,0.2262,0.05054,0.008509,0.008171,0.044,0.02575,0.008408,0.0249,0.02049,0.02335,0.3914,0.3944,
1.492,0.2151,0.04891,0.008509,0.008171,0.04396,0.02569,0.008597,0.02475,0.02055,0.02323,0.3915,0.3962,
1.504,0.2191,0.05369,0.008462,0.008171,0.04395,0.0258,0.008614,0.02461,0.0209,0.02359,0.3908,0.3914,
1.506,0.2073,0.05373,0.008474,0.008169,0.04383,0.02584,0.008583,0.02462,0.02092,0.02425,0.3904,0.3912,
1.502,0.2229,0.05242,0.008449,0.008182,0.04375,0.02577,0.008538,0.0246,0.02127,0.02365,0.3911,0.3922,
1.504,0.2111,0.05352,0.008409,0.008182,0.04363,0.02568,0.008522,0.02458,0.02143,0.02354,0.3912,0.3913,
1.504,0.2077,0.05374,0.008356,0.008199,0.04363,0.02567,0.00847,0.02446,0.02177,0.0234,0.3912,0.3911,
1.502,0.2117,0.05308,0.008394,0.008202,0.04359,0.02546,0.008531,0.02434,0.02202,0.02316,0.3912,0.392,
1.503,0.2151,0.05302,0.00837,0.008198,0.04352,0.02534,0.008485,0.02462,0.02186,0.02369,0.391,0.3918,
1.507,0.2157,0.05427,0.008393,0.008202,0.04349,0.02519,0.008651,0.02443,0.02236,0.02399,0.3903,0.3908,
1.505,0.2271,0.05343,0.008408,0.008204,0.04355,0.02508,0.008682,0.02437,0.02231,0.02397,0.3908,0.3912,
1.504,0.2218,0.05299,0.008408,0.008235,0.04358,0.02504,0.008584,0.0244,0.02265,0.0236,0.3908,0.3917,
1.503,0.2203,0.05312,0.008312,0.008241,0.04362,0.02503,0.008513,0.02799,0.01909,0.02352,0.3908,0.3918,
1.505,0.1988,0.05434,0.008364,0.008249,0.04356,0.02501,0.008346,0.02794,0.01937,0.02335,0.3906,0.3908,
1.508,0.216,0.05349,0.008326,0.00824,0.04355,0.02612,0.0132,0.02197,0.01938,0.0238,0.3906,0.3913,
1.505,0.2257,0.05207,0.008348,0.008166,0.04365,0.02619,0.01313,0.02197,0.01979,0.02323,0.3907,0.3928,
1.503,0.2192,0.05102,0.008327,0.00817,0.04377,0.0262,0.01314,0.02201,0.0197,0.02312,0.3908,0.3938,
1.498,0.2264,0.0498,0.008221,0.008174,0.04372,0.02841,0.01082,0.02209,0.01959,0.02312,0.3908,0.3952,
1.496,0.2615,0.04897,0.008244,0.008162,0.0437,0.02849,0.01086,0.02206,0.0201,0.02243,0.3909,0.3961,
1.508,0.2178,0.054,0.00824,0.008154,0.04363,0.02846,0.01089,0.022,0.02061,0.02283,0.3905,0.3906,
1.505,0.2092,0.05243,0.008236,0.008164,0.0437,0.02858,0.01078,0.02201,0.02083,0.02261,0.3906,0.3921,
1.503,0.2272,0.05162,0.008282,0.008174,0.04375,0.02849,0.01075,0.02205,0.02091,0.02234,0.3907,0.3929,
1.508,0.2106,0.05221,0.008252,0.008133,0.04357,0.02829,0.01069,0.02195,0.021,0.02408,0.3901,0.3917,
1.505,0.2353,0.05136,0.008242,0.008147,0.04355,0.02818,0.01069,0.02203,0.0213,0.02355,0.3902,0.3927,
1.503,0.2257,0.05046,0.008272,0.008146,0.04337,0.02801,0.01077,0.02193,0.02148,0.02335,0.3904,0.3938,
1.51,0.2278,0.05372,0.008289,0.008163,0.04324,0.02789,0.01077,0.02188,0.02183,0.02339,0.3903,0.3905,
1.507,0.2175,0.05263,0.008304,0.008172,0.04324,0.02779,0.01073,0.02189,0.02181,0.02335,0.3903,0.3917,
1.504,0.2145,0.05143,0.008248,0.00817,0.0432,0.02764,0.01067,0.02189,0.02239,0.02265,0.3904,0.3933,
1.502,0.2142,0.05093,0.008196,0.008172,0.04337,0.02757,0.01065,0.02189,0.02243,0.02246,0.3905,0.3938,
1.509,0.2038,0.05438,0.008213,0.008169,0.0433,0.02721,0.01065,0.02181,0.0225,0.02277,0.3904,0.3906,
1.507,0.2277,0.05334,0.008267,0.008171,0.04324,0.02729,0.0106,0.02182,0.02252,0.02271,0.3904,0.3916,
1.505,0.2082,0.05268,0.008237,0.008176,0.04314,0.02728,0.01059,0.02173,0.02292,0.02229,0.3906,0.3924,
1.501,0.2294,0.05152,0.008179,0.00817,0.04314,0.02704,0.01065,0.02168,0.02297,0.02212,0.3906,0.3939,
1.499,0.2041,0.05016,0.008224,0.00818,0.0432,0.02703,0.01072,0.02158,0.02297,0.02205,0.3907,0.3952,
1.508,0.2002,0.05472,0.008159,0.008194,0.04323,0.02704,0.01058,0.02158,0.02312,0.0222,0.3906,0.3905,
1.505,0.1947,0.05354,0.008125,0.008199,0.04344,0.02672,0.01047,0.02161,0.02312,0.02216,0.3907,0.392,
1.502,0.1968,0.05236,0.008125,0.008214,0.04341,0.02667,0.01051,0.02153,0.02312,0.02216,0.3907,0.3932,
1.5,0.2134,0.05175,0.008201,0.008217,0.04341,0.02647,0.01055,0.0215,0.02333,0.02176,0.3909,0.3939,
1.497,0.2002,0.05106,0.008215,0.00819,0.04343,0.02619,0.01055,0.02146,0.02341,0.02154,0.3911,0.3948,
1.506,0.1964,0.05492,0.008229,0.008113,0.04365,0.02615,0.01056,0.02146,0.02388,0.02135,0.3909,0.3907,
1.498,0.1971,0.05356,0.008238,0.008137,0.04349,0.03019,0.006488,0.02138,0.024,0.02113,0.3911,0.3923,
1.499,0.1944,0.05388,0.008179,0.008137,0.04345,0.02987,0.006489,0.02135,0.02408,0.02157,0.3907,0.3923,
1.494,0.239,0.05229,0.008173,0.008135,0.04347,0.02949,0.006469,0.02136,0.02416,0.02128,0.3911,0.3941,
1.491,0.2206,0.05122,0.008184,0.008136,0.04352,0.02929,0.006452,0.02136,0.02417,0.02128,0.3911,0.3953,
1.499,0.192,0.05504,0.008184,0.008147,0.04349,0.0292,0.006338,0.02141,0.02417,0.02161,0.391,0.3914,
1.497,0.1938,0.05391,0.008175,0.008211,0.04343,0.02912,0.006418,0.02128,0.02424,0.02154,0.391,0.3926,
1.495,0.1942,0.0536,0.008141,0.008225,0.04336,0.02868,0.006419,0.02128,0.02431,0.02147,0.3911,0.3934,
1.492,0.1892,0.05264,0.008025,0.008238,0.04333,0.02869,0.00637,0.02129,0.02485,0.02094,0.3911,0.3945,
1.49,0.2017,0.0518,0.008035,0.008234,0.04331,0.02858,0.006387,0.02127,0.02495,0.02081,0.3912,0.3954,
1.503,0.1959,0.05611,0.00808,0.008233,0.04328,0.02859,0.006387,0.0213,0.02511,0.02197,0.39,0.3909,
1.499,0.2226,0.05469,0.00808,0.008225,0.04318,0.02852,0.0064,0.0212,0.02516,0.02187,0.3908,0.3918,
1.495,0.1991,0.053,0.008066,0.008242,0.04319,0.02849,0.006364,0.02122,0.02541,0.02149,0.3909,0.3936,
1.493,0.1901,0.05217,0.008072,0.008254,0.04321,0.02849,0.006357,0.02118,0.02598,0.02093,0.3909,0.3944,
1.491,0.1935,0.05103,0.00806,0.008244,0.04334,0.02849,0.006358,0.02118,0.02678,0.02013,0.391,0.3954,
1.488,0.1952,0.04961,0.008078,0.008228,0.04326,0.0285,0.006319,0.02123,0.02694,0.01984,0.3911,0.3969,
1.499,0.19,0.05506,0.008071,0.008236,0.04323,0.02835,0.006318,0.0213,0.02739,0.01959,0.391,0.3914,
1.496,0.1901,0.05387,0.008091,0.008237,0.04324,0.02821,0.006484,0.02119,0.02747,0.01946,0.3911,0.3927,
1.494,0.188,0.05287,0.008025,0.00826,0.04329,0.02799,0.006475,0.02127,0.02747,0.01939,0.3911,0.3938,
1.492,0.1921,0.05266,0.008111,0.00826,0.04318,0.02762,0.006523,0.02119,0.02782,0.01891,0.3913,0.3945,
1.491,0.2033,0.05239,0.008115,0.00827,0.04325,0.02754,0.006564,0.02116,0.02782,0.01877,0.3914,0.3947,
1.489,0.1932,0.05195,0.008194,0.00827,0.04324,0.02738,0.006571,0.02114,0.02814,0.01834,0.3915,0.3953,
1.487,0.1925,0.05105,0.008228,0.008273,0.04312,0.02714,0.006683,0.02123,0.02845,0.01777,0.3917,0.3964,
1.485,0.2086,0.04993,0.008255,0.008292,0.04322,0.02707,0.006733,0.02118,0.02854,0.01769,0.3917,0.3974,
1.481,0.2189,0.0488,0.008222,0.008288,0.04324,0.02696,0.006687,0.02121,0.02914,0.0169,0.3918,0.3988,
1.48,0.1935,0.04847,0.00823,0.008305,0.04321,0.02681,0.006695,0.02127,0.02916,0.01678,0.3918,0.3992,
1.495,0.1883,0.05634,0.008261,0.008311,0.04325,0.02647,0.006663,0.0213,0.0296,0.01657,0.3916,0.3916,
1.491,0.193,0.05444,0.008294,0.008309,0.0432,0.02607,0.00662,0.02351,0.02735,0.01656,0.3919,0.3937,
1.487,0.1935,0.0534,0.008257,0.00831,0.04317,0.0258,0.006508,0.02356,0.02745,0.01639,0.392,0.3952,
1.485,0.1945,0.05253,0.008263,0.008315,0.04309,0.02574,0.006508,0.0236,0.02742,0.01635,0.392,0.3961,
1.492,0.2035,0.05583,0.008301,0.008303,0.04303,0.02577,0.006516,0.0236,0.02782,0.01603,0.3921,0.3928,
1.489,0.2071,0.05507,0.008326,0.008229,0.04295,0.0256,0.006515,0.02361,0.02777,0.01603,0.3921,0.3937,
1.487,0.2134,0.05419,0.008325,0.008238,0.04281,0.02541,0.006509,0.02365,0.02788,0.0159,0.3923,0.3948,
1.485,0.1958,0.054,0.00832,0.008247,0.04267,0.02516,0.006567,0.0236,0.02801,0.01577,0.3924,0.3952,
1.49,0.1953,0.05658,0.008304,0.008275,0.04259,0.02496,0.006495,0.02365,0.02823,0.01571,0.3924,0.3928,
1.484,0.1983,0.0542,0.008307,0.008252,0.04259,0.02477,0.006423,0.02365,0.02824,0.01565,0.3925,0.3954,
1.495,0.2031,0.05778,0.008229,0.00824,0.04254,0.02426,0.008512,0.02157,0.02844,0.01642,0.3921,0.3919,
1.493,0.2032,0.05663,0.008239,0.008247,0.04267,0.02414,0.009342,0.02075,0.02886,0.016,0.3922,0.3929,
1.492,0.1932,0.05608,0.008276,0.008247,0.04268,0.02406,0.01081,0.01928,0.02901,0.01565,0.3924,0.3935,
1.491,0.1903,0.05563,0.00828,0.008254,0.0427,0.02397,0.01083,0.01923,0.02897,0.01565,0.3925,0.394,
1.487,0.2029,0.05383,0.008336,0.008267,0.04259,0.02388,0.01083,0.02068,0.02772,0.01547,0.3925,0.3959,
1.496,0.1986,0.05659,0.008327,0.008279,0.04269,0.02391,0.0124,0.01918,0.02776,0.01585,0.3925,0.3926,
1.496,0.213,0.05712,0.008338,0.008286,0.04263,0.02557,0.01037,0.01921,0.02829,0.0159,0.3922,0.3921,
1.5,0.1916,0.05757,0.008304,0.008273,0.04253,0.02529,0.01036,0.01918,0.02851,0.01716,0.3916,0.3912,
1.499,0.1829,0.05709,0.008344,0.00828,0.04258,0.02525,0.0104,0.01915,0.02871,0.01697,0.3917,0.3916,
1.495,0.1875,0.05533,0.008255,0.008274,0.0425,0.02519,0.01041,0.01915,0.02876,0.01688,0.3918,0.3935,
1.492,0.1782,0.05464,0.008272,0.008289,0.04251,0.02525,0.01035,0.01923,0.02887,0.01627,0.392,0.3943,
1.486,0.2182,0.05251,0.008278,0.008244,0.04249,0.02502,0.01028,0.01924,0.02894,0.01609,0.3921,0.3968,
1.496,0.2021,0.05727,0.008296,0.008244,0.04242,0.02497,0.0104,0.01911,0.02907,0.0161,0.3921,0.392,
1.494,0.1886,0.05639,0.008285,0.008248,0.0424,0.02499,0.01052,0.01979,0.02822,0.0161,0.3922,0.3929,
1.493,0.1845,0.05582,0.008352,0.008261,0.04231,0.02479,0.01056,0.01975,0.02855,0.01578,0.3922,0.3936,
1.489,0.2075,0.05473,0.008376,0.00826,0.04233,0.02614,0.009135,0.01978,0.02882,0.01544,0.3923,0.3947,
1.483,0.1791,0.05273,0.008209,0.008193,0.042,0.02606,0.009107,0.01979,0.02893,0.01525,0.3924,0.3974,
1.481,0.1837,0.05176,0.008216,0.0082,0.04194,0.0261,0.009172,0.01974,0.02895,0.01518,0.3925,0.3983,
1.491,0.178,0.05616,0.008179,0.008201,0.04189,0.02588,0.009244,0.01965,0.02909,0.01573,0.3922,0.3937,
1.489,0.1761,0.05528,0.008218,0.008202,0.042,0.0258,0.009398,0.01957,0.02902,0.01573,0.3923,0.3945,
1.499,0.1732,0.05817,0.008244,0.008201,0.04178,0.02562,0.009502,0.01947,0.02896,0.01744,0.3912,0.3915,
1.497,0.1774,0.05757,0.008274,0.008207,0.04165,0.02533,0.009573,0.01938,0.02899,0.01739,0.3919,0.3918,
1.495,0.1787,0.05647,0.008272,0.008224,0.04165,0.02524,0.009584,0.01935,0.02928,0.01707,0.392,0.3929,
1.491,0.1815,0.0555,0.008133,0.008226,0.04157,0.02505,0.009618,0.01945,0.0291,0.01708,0.3921,0.3942,
1.497,0.1767,0.05742,0.008163,0.008229,0.04152,0.02501,0.009738,0.01949,0.02893,0.01761,0.3916,0.3923,
1.495,0.1769,0.05694,0.008191,0.008239,0.04141,0.02498,0.009784,0.01944,0.02893,0.01751,0.392,0.3925,
1.492,0.1891,0.05559,0.008248,0.00824,0.04146,0.0247,0.00981,0.0195,0.02912,0.01721,0.3921,0.394,
1.49,0.1938,0.0542,0.008299,0.008259,0.04163,0.02483,0.009753,0.01956,0.02902,0.01713,0.3922,0.3952,
1.485,0.1878,0.05291,0.0083,0.008261,0.04145,0.02442,0.009858,0.01956,0.0289,0.01698,0.3923,0.3971,
1.479,0.2043,0.05056,0.008179,0.008256,0.04166,0.02413,0.009837,0.01964,0.02919,0.01653,0.3924,0.3997,
1.475,0.2005,0.04881,0.008064,0.008237,0.04173,0.02393,0.009878,0.01958,0.02924,0.01646,0.3924,0.4017,
1.471,0.1987,0.04727,0.008038,0.008248,0.04174,0.02374,0.009958,0.01956,0.02922,0.01638,0.3925,0.4034,
1.468,0.1974,0.04636,0.007999,0.008263,0.04155,0.0239,0.009903,0.01947,0.0293,0.01632,0.3926,0.4043,
1.464,0.2045,0.04447,0.007921,0.008241,0.04159,0.02382,0.01133,0.01804,0.02926,0.01632,0.3926,0.4064,
1.458,0.1877,0.04359,0.007856,0.008277,0.0415,0.02309,0.01098,0.01797,0.02922,0.01632,0.3927,0.4085,
1.457,0.19,0.04274,0.007898,0.008279,0.04154,0.0231,0.01112,0.01777,0.0293,0.01624,0.3927,0.4093,
1.453,0.1911,0.04117,0.0079,0.008283,0.04151,0.02304,0.01132,0.01763,0.02922,0.01618,0.3927,0.411,
1.451,0.1962,0.04091,0.007886,0.00829,0.04148,0.02304,0.01124,0.01766,0.02962,0.01571,0.3928,0.4113,
1.449,0.1978,0.04017,0.007946,0.008307,0.04146,0.02296,0.0112,0.01838,0.02909,0.01531,0.3929,0.4123,
1.491,0.1785,0.05974,0.007937,0.008316,0.04146,0.02291,0.01128,0.01836,0.02896,0.0156,0.3926,0.3929,
1.487,0.1827,0.05774,0.00794,0.008276,0.04161,0.02286,0.0114,0.01839,0.02876,0.01553,0.3929,0.3946,
1.485,0.1851,0.05691,0.007967,0.008279,0.04167,0.02293,0.01154,0.0182,0.02903,0.01511,0.393,0.3953,
1.489,0.1832,0.05874,0.007975,0.008274,0.0416,0.02299,0.01163,0.01815,0.0289,0.0155,0.3929,0.3933,
1.488,0.1847,0.05844,0.007991,0.008278,0.04159,0.02298,0.01168,0.01816,0.02914,0.01498,0.3931,0.3937,
1.486,0.1846,0.05811,0.008032,0.008276,0.04148,0.02296,0.01159,0.01809,0.0293,0.01456,0.3935,0.3941,
1.484,0.1847,0.05762,0.00804,0.008286,0.04137,0.02296,0.01162,0.01816,0.02925,0.01444,0.3934,0.3949,
1.482,0.1853,0.0568,0.008045,0.008287,0.04132,0.02302,0.01159,0.01817,0.02914,0.01444,0.3934,0.3957,
1.481,0.1876,0.05623,0.008128,0.008205,0.04135,0.02275,0.01163,0.0182,0.02909,0.01438,0.3935,0.3965,
1.48,0.1909,0.05596,0.008161,0.008212,0.04132,0.02263,0.01163,0.0182,0.02926,0.01417,0.3935,0.3969,
1.485,0.1917,0.05871,0.008148,0.008215,0.0414,0.02237,0.01336,0.01644,0.02933,0.01421,0.3935,0.3943,
1.48,0.1915,0.05675,0.00817,0.008216,0.04141,0.02228,0.01344,0.01641,0.02938,0.01377,0.3938,0.3964,
1.478,0.1942,0.05584,0.008191,0.00822,0.04144,0.02233,0.01347,0.01655,0.02925,0.01348,0.3938,0.3975,
1.471,0.1993,0.05327,0.008237,0.008242,0.04139,0.02233,0.01348,0.01652,0.02961,0.01285,0.3939,0.4001,
1.484,0.1955,0.05976,0.00824,0.008243,0.04138,0.02251,0.01341,0.01647,0.02966,0.01271,0.394,0.3936,
1.481,0.1974,0.05893,0.008232,0.00826,0.04139,0.02247,0.01336,0.0164,0.0296,0.01262,0.3941,0.3946,
1.485,0.1979,0.05934,0.008247,0.008243,0.04131,0.02229,0.01316,0.01654,0.0294,0.01385,0.3937,0.3939,
1.486,0.1991,0.05936,0.008284,0.008238,0.04126,0.02219,0.01311,0.01662,0.02937,0.01422,0.3936,0.3937,
1.486,0.2193,0.0591,0.008312,0.008243,0.04126,0.02222,0.01312,0.01673,0.02922,0.01422,0.3936,0.3939,
1.486,0.2193,0.05866,0.008332,0.008244,0.04135,0.02221,0.01315,0.01673,0.02919,0.01455,0.3935,0.3941,
1.484,0.2194,0.05774,0.00828,0.008242,0.04129,0.02226,0.01297,0.01693,0.02909,0.01442,0.3936,0.3952,
1.482,0.208,0.05733,0.008309,0.008248,0.0414,0.02227,0.01307,0.01707,0.02901,0.01388,0.3938,0.3956,
1.479,0.2117,0.05603,0.008333,0.008266,0.0414,0.02224,0.01311,0.01706,0.02901,0.01373,0.3938,0.397,
1.478,0.2113,0.05511,0.008391,0.008269,0.04141,0.02239,0.01305,0.01715,0.02893,0.01365,0.3938,0.3978,
1.472,0.2102,0.05318,0.00827,0.008213,0.04138,0.0224,0.01307,0.01713,0.02895,0.01345,0.3939,0.4,
1.485,0.2087,0.05948,0.008286,0.008213,0.04144,0.02237,0.01525,0.01508,0.02901,0.01341,0.3937,0.3938,
1.483,0.2087,0.05853,0.008245,0.008183,0.04141,0.02245,0.01523,0.01504,0.02901,0.01337,0.3939,0.3946,
1.487,0.208,0.05912,0.008246,0.008189,0.04145,0.02238,0.01532,0.01493,0.02914,0.01396,0.3936,0.3937,
1.488,0.2084,0.05908,0.008256,0.008194,0.04141,0.02248,0.01524,0.015,0.02906,0.01434,0.3935,0.3934,
1.492,0.2247,0.05942,0.008277,0.008201,0.04142,0.0225,0.01525,0.01503,0.02909,0.01525,0.3925,0.393,
1.487,0.2237,0.05746,0.008284,0.008193,0.04134,0.02255,0.01505,0.01494,0.02911,0.01519,0.3932,0.3947,
1.484,0.2066,0.05609,0.008374,0.008187,0.04142,0.02265,0.01504,0.01496,0.02902,0.01503,0.3934,0.3959,
1.489,0.2039,0.05828,0.008421,0.008193,0.04146,0.02258,0.01498,0.01503,0.02888,0.01533,0.3933,0.3936,
1.486,0.2058,0.05705,0.008396,0.008207,0.04151,0.02262,0.01501,0.01502,0.02879,0.01516,0.3934,0.3948,
1.483,0.2049,0.05567,0.008418,0.008212,0.04139,0.02258,0.01505,0.01501,0.02874,0.01494,0.3936,0.3964,
1.476,0.2115,0.05342,0.008363,0.008223,0.04126,0.0253,0.01237,0.01508,0.02899,0.0145,0.3936,0.3989,
1.474,0.2104,0.0525,0.008406,0.008225,0.0413,0.02531,0.01237,0.01521,0.02898,0.01422,0.3937,0.3998,
1.472,0.2146,0.05198,0.008377,0.008234,0.04129,0.02529,0.01242,0.01514,0.02896,0.01405,0.3938,0.4004,
1.469,0.2203,0.05078,0.00833,0.008231,0.04119,0.02524,0.01254,0.01507,0.02899,0.01399,0.3938,0.4018,
1.485,0.2381,0.05865,0.008326,0.008229,0.04109,0.02514,0.01274,0.01479,0.02899,0.01427,0.3939,0.3939,
1.481,0.2369,0.05761,0.0082,0.008203,0.04106,0.02496,0.01274,0.01476,0.02892,0.01412,0.394,0.3954,
1.487,0.231,0.05918,0.008142,0.008189,0.04104,0.02483,0.01286,0.01455,0.0288,0.01535,0.3936,0.3935,
1.484,0.23,0.05843,0.008172,0.008193,0.04092,0.02462,0.01294,0.01452,0.02876,0.01528,0.3936,0.3945,
1.482,0.2325,0.05738,0.008227,0.008198,0.04096,0.02453,0.01447,0.01311,0.02857,0.01521,0.3937,0.3956,
1.48,0.226,0.05673,0.008228,0.008203,0.04093,0.02456,0.01695,0.01065,0.02865,0.01509,0.3938,0.3962,
1.477,0.2221,0.05529,0.008292,0.008208,0.04098,0.02459,0.01701,0.01057,0.02866,0.01487,0.3939,0.3976,
1.486,0.2166,0.05887,0.008316,0.008189,0.04085,0.02456,0.01702,0.01059,0.02853,0.01584,0.3935,0.3937,
1.485,0.2098,0.05845,0.008308,0.008199,0.0408,0.02458,0.01699,0.01059,0.02849,0.0158,0.3936,0.3942,
1.48,0.2104,0.0578,0.008273,0.008196,0.04074,0.02346,0.01683,0.01073,0.02834,0.0158,0.3936,0.3962,
1.477,0.2096,0.05663,0.008264,0.008148,0.0408,0.02357,0.01665,0.01069,0.02867,0.01534,0.3938,0.3974,
1.488,0.2028,0.0604,0.008245,0.008143,0.04079,0.02357,0.01672,0.0153,0.02429,0.0155,0.3934,0.3937,
1.484,0.2085,0.05828,0.008207,0.008158,0.04108,0.02344,0.01679,0.01544,0.02397,0.0155,0.3937,0.3954,
1.488,0.2055,0.06029,0.008227,0.008166,0.04102,0.02337,0.01698,0.01528,0.02393,0.01562,0.3936,0.3935,
1.49,0.2072,0.05969,0.008131,0.008169,0.04134,0.02349,0.01703,0.01527,0.02393,0.0163,0.3934,0.3932,
1.494,0.2101,0.05912,0.008127,0.008159,0.04141,0.02365,0.01707,0.01509,0.02379,0.01795,0.3925,0.3931,
1.49,0.2098,0.05724,0.00818,0.008142,0.0416,0.0237,0.01709,0.01506,0.02384,0.0177,0.3927,0.3948,
1.492,0.2096,0.05812,0.008178,0.008142,0.04155,0.02373,0.01697,0.01521,0.02381,0.01775,0.3929,0.3936,
1.491,0.2124,0.05763,0.008194,0.008153,0.04162,0.02384,0.01699,0.01514,0.02379,0.0177,0.393,0.394,
1.487,0.2287,0.0552,0.008181,0.008142,0.04179,0.02399,0.01685,0.01507,0.02373,0.0177,0.3931,0.3963,
1.482,0.2332,0.05332,0.008196,0.008149,0.04174,0.02382,0.0168,0.01506,0.02377,0.01754,0.3932,0.3984,
1.478,0.2326,0.0513,0.008199,0.008151,0.04177,0.02387,0.01669,0.01511,0.02374,0.01755,0.3933,0.4004,
1.473,0.2308,0.05056,0.008289,0.008081,0.04177,0.02837,0.01214,0.01513,0.02388,0.01736,0.3933,0.4011,
1.47,0.2365,0.04918,0.008259,0.008088,0.04169,0.02835,0.0121,0.01509,0.02392,0.01732,0.3934,0.4026,
1.468,0.2252,0.04862,0.00829,0.008089,0.04161,0.02851,0.01194,0.01525,0.02369,0.01732,0.3934,0.4032,
1.465,0.2258,0.04752,0.008352,0.008088,0.0415,0.02824,0.01189,0.01533,0.02368,0.01717,0.3935,0.4047,
1.488,0.2108,0.0587,0.008364,0.008094,0.04164,0.02814,0.01186,0.01542,0.02398,0.01712,0.3931,0.3936,
1.489,0.2085,0.05864,0.008424,0.008043,0.04149,0.02825,0.01179,0.01525,0.02394,0.01758,0.3933,0.3933,
1.491,0.2118,0.05852,0.00846,0.008036,0.04142,0.02845,0.01156,0.01536,0.02395,0.01835,0.393,0.3929,
1.492,0.2158,0.05865,0.008511,0.008037,0.04136,0.0286,0.01142,0.0154,0.02413,0.0184,0.3928,0.3927,
1.489,0.2201,0.05731,0.008601,0.008043,0.04143,0.0285,0.01135,0.01541,0.02398,0.01832,0.393,0.3941,
1.488,0.2209,0.0566,0.008753,0.008044,0.04153,0.02843,0.0113,0.0155,0.02383,0.01832,0.393,0.3947,
1.486,0.2304,0.05573,0.008756,0.008045,0.04144,0.02839,0.01141,0.01562,0.02359,0.01833,0.3931,0.3956,
1.484,0.2251,0.05528,0.008829,0.00805,0.04149,0.02833,0.01138,0.0158,0.02333,0.01817,0.3933,0.3961,
1.483,0.2268,0.05499,0.008914,0.008062,0.04147,0.02827,0.0112,0.01595,0.02317,0.01817,0.3932,0.3966,
1.481,0.2257,0.05415,0.008891,0.007993,0.0416,0.0284,0.01112,0.01589,0.02313,0.01802,0.3934,0.3974,
1.479,0.2257,0.05358,0.008917,0.007997,0.04155,0.02843,0.0111,0.01591,0.02317,0.01785,0.3933,0.3982,
1.494,0.2234,0.05831,0.00893,0.007982,0.04149,0.02848,0.01108,0.01576,0.02343,0.01955,0.3926,0.3924,
1.494,0.2182,0.05791,0.009053,0.007985,0.04142,0.02867,0.01084,0.01578,0.02397,0.01927,0.3925,0.3926,
1.491,0.218,0.05675,0.009069,0.007996,0.0413,0.02855,0.0107,0.01582,0.02397,0.01915,0.3926,0.3941,
1.487,0.2203,0.0555,0.009098,0.008003,0.04115,0.02848,0.01058,0.01583,0.02424,0.01883,0.3926,0.3957,
1.483,0.2253,0.05365,0.009012,0.008023,0.04133,0.02852,0.01075,0.0157,0.02444,0.0185,0.3927,0.3974,
1.481,0.246,0.05254,0.009018,0.008027,0.0413,0.02856,0.01075,0.01566,0.02451,0.01844,0.3928,0.3984,
1.484,0.2108,0.0581,0.0089,0.007967,0.04119,0.0258,0.01062,0.01562,0.02476,0.01844,0.3928,0.3958,
1.492,0.2058,0.06136,0.008896,0.007971,0.04108,0.02584,0.01056,0.01556,0.02475,0.01924,0.3926,0.3922,
1.49,0.2132,0.06062,0.008936,0.007984,0.04095,0.02589,0.01047,0.01557,0.02506,0.0189,0.3927,0.3929,
1.489,0.2102,0.05981,0.008943,0.008005,0.041,0.0259,0.01041,0.01557,0.02501,0.0189,0.3927,0.3937,
1.486,0.2167,0.05845,0.008878,0.008006,0.04107,0.02592,0.01038,0.01552,0.02501,0.01886,0.3927,0.3951,
1.484,0.2311,0.05767,0.008904,0.008024,0.04116,0.02596,0.01043,0.01553,0.025,0.0188,0.3928,0.3957,
1.481,0.2249,0.05666,0.008786,0.008024,0.04112,0.02608,0.01033,0.01546,0.02519,0.01852,0.393,0.3969,
1.479,0.2319,0.05534,0.008747,0.008031,0.04123,0.02617,0.01033,0.0154,0.02554,0.01806,0.393,0.3981,
1.49,0.2249,0.06048,0.008831,0.008012,0.04134,0.02621,0.01021,0.01531,0.02592,0.01845,0.3928,0.3925,
1.487,0.2236,0.05873,0.008816,0.008014,0.04126,0.02589,0.01027,0.01524,0.02607,0.0185,0.3927,0.3945,
1.492,0.2213,0.06074,0.00878,0.008022,0.04114,0.02588,0.01026,0.01527,0.02622,0.01896,0.3925,0.3922,
1.489,0.223,0.05929,0.008818,0.008023,0.04127,0.02577,0.01014,0.01525,0.02634,0.01877,0.3925,0.3938,
1.485,0.2197,0.05793,0.008792,0.008036,0.041,0.02585,0.01011,0.01527,0.02649,0.01844,0.3926,0.3955,
1.481,0.2193,0.05686,0.008797,0.007988,0.04091,0.02571,0.01006,0.01529,0.02651,0.01823,0.3927,0.3969,
1.479,0.2272,0.05568,0.008857,0.007988,0.04093,0.02578,0.009951,0.01532,0.02669,0.01803,0.3927,0.3981,
1.49,0.2216,0.06107,0.00889,0.007986,0.04083,0.02577,0.009955,0.01527,0.02735,0.01768,0.3927,0.3925,
1.486,0.2175,0.05964,0.008871,0.008,0.04077,0.02586,0.009779,0.01519,0.0274,0.01764,0.3928,0.3941,
1.491,0.2099,0.06067,0.00882,0.007976,0.04089,0.02587,0.009779,0.01514,0.02754,0.01854,0.3925,0.3923,
1.488,0.208,0.05947,0.008851,0.007928,0.0408,0.0259,0.00977,0.01507,0.0276,0.01841,0.3926,0.3936,
1.486,0.2177,0.05837,0.008857,0.007939,0.04075,0.02582,0.009711,0.0151,0.02761,0.01837,0.3926,0.3949,
1.492,0.2277,0.0607,0.008861,0.007922,0.0406,0.02588,0.00981,0.01498,0.02764,0.01909,0.3923,0.3922,
1.495,0.2088,0.06049,0.00882,0.00794,0.04049,0.02585,0.009759,0.01495,0.02768,0.02028,0.3919,0.3919,
1.495,0.2056,0.06029,0.008817,0.007926,0.04043,0.02584,0.009592,0.01493,0.02766,0.02069,0.3919,0.3919,
1.493,0.2053,0.05947,0.00883,0.007963,0.04039,0.02586,0.00953,0.01496,0.02764,0.02066,0.3918,0.3929,
1.491,0.2085,0.05864,0.008856,0.007945,0.04034,0.02581,0.009616,0.01481,0.02759,0.02059,0.392,0.3938,
1.493,0.2016,0.05953,0.008841,0.007974,0.04034,0.02585,0.009608,0.01473,0.02777,0.02067,0.3919,0.3928,
1.494,0.2047,0.06012,0.008803,0.007966,0.04032,0.02584,0.009643,0.01475,0.0277,0.02089,0.392,0.392,
1.491,0.2052,0.05873,0.00882,0.007968,0.04041,0.02577,0.009573,0.01514,0.02743,0.02057,0.392,0.3936,
1.489,0.2295,0.05754,0.008857,0.007975,0.0404,0.02587,0.00952,0.01514,0.02755,0.02029,0.3921,0.3948,
1.493,0.2146,0.06023,0.008844,0.008001,0.04034,0.02573,0.009624,0.01505,0.02756,0.02021,0.3921,0.3923,
1.494,0.2181,0.06061,0.008906,0.008017,0.04032,0.02558,0.009573,0.01526,0.02741,0.02027,0.3921,0.392,
1.492,0.2172,0.06004,0.008938,0.008022,0.04034,0.02554,0.009497,0.01532,0.02742,0.02008,0.3923,0.3925,
1.488,0.2145,0.05781,0.008992,0.008035,0.04026,0.02558,0.009408,0.01532,0.02754,0.01993,0.3923,0.3949,
1.494,0.2225,0.06017,0.009024,0.00803,0.04022,0.02546,0.009439,0.01819,0.02511,0.01981,0.3921,0.3924,
1.489,0.243,0.05808,0.009062,0.008044,0.04011,0.02539,0.009505,0.01809,0.02513,0.0195,0.3924,0.3947,
1.487,0.2134,0.05726,0.009074,0.008063,0.04006,0.0254,0.009367,0.01818,0.02516,0.01922,0.3925,0.3957,
1.493,0.2133,0.06055,0.009107,0.008087,0.03996,0.02515,0.01757,0.009964,0.02519,0.0194,0.3925,0.3926,
1.489,0.2219,0.05815,0.00913,0.008071,0.04002,0.02501,0.01758,0.009932,0.02515,0.01971,0.3924,0.3949,
1.485,0.212,0.05603,0.009226,0.008065,0.04003,0.02512,0.01755,0.00997,0.02529,0.01941,0.3924,0.3969,
1.483,0.2129,0.05524,0.009303,0.008074,0.04,0.02483,0.01765,0.009935,0.02533,0.01919,0.3925,0.3979,
1.482,0.2204,0.05441,0.009301,0.008062,0.04011,0.02466,0.01757,0.01291,0.02239,0.01899,0.3926,0.3991,
1.481,0.2159,0.0537,0.009325,0.008084,0.0401,0.02462,0.0176,0.01295,0.0223,0.01893,0.3926,0.3998,
1.479,0.2167,0.0527,0.009325,0.008081,0.0402,0.02461,0.01757,0.01295,0.02249,0.01871,0.3927,0.4007,
1.476,0.2192,0.05125,0.009323,0.00809,0.04028,0.02475,0.01743,0.01295,0.02335,0.01781,0.3928,0.402,
1.473,0.2232,0.05045,0.009325,0.008104,0.04015,0.02465,0.01748,0.01296,0.02357,0.01753,0.3929,0.4029,
1.472,0.2265,0.04991,0.009328,0.008122,0.0402,0.02478,0.01731,0.0131,0.02353,0.01737,0.3929,0.4034,
1.494,0.211,0.0602,0.009333,0.008122,0.04015,0.02477,0.01729,0.01306,0.02369,0.0178,0.3927,0.3929,
1.494,0.2135,0.05996,0.009398,0.008116,0.04006,0.02458,0.01726,0.01313,0.02365,0.01802,0.3927,0.3931,
1.49,0.2185,0.05783,0.009544,0.008123,0.04018,0.02455,0.01735,0.01307,0.02355,0.01802,0.3927,0.3951,
1.493,0.2136,0.06006,0.00935,0.008098,0.04016,0.02459,0.01751,0.01298,0.02339,0.01805,0.3928,0.393,
1.492,0.2203,0.05925,0.009367,0.008107,0.04014,0.02469,0.01748,0.01301,0.02339,0.01787,0.3928,0.3939,
1.49,0.2292,0.05855,0.009347,0.008112,0.04022,0.02454,0.01744,0.01296,0.02393,0.01734,0.3929,0.3947,
1.494,0.2144,0.06012,0.009384,0.008113,0.04029,0.02585,0.01614,0.01297,0.02406,0.01768,0.3923,0.3931,
1.49,0.2151,0.05856,0.009296,0.008104,0.04037,0.02588,0.01607,0.01295,0.02415,0.01747,0.3927,0.3944,
1.489,0.2124,0.05803,0.009301,0.008103,0.04041,0.02587,0.01603,0.01298,0.0247,0.01684,0.3927,0.395,
1.499,0.2081,0.06049,0.009326,0.008098,0.04047,0.02584,0.01601,0.01288,0.02469,0.01878,0.3913,0.3921,
1.497,0.2108,0.05991,0.009328,0.008107,0.04041,0.02611,0.0157,0.01285,0.02472,0.01857,0.3921,0.3922,
1.498,0.2129,0.06015,0.009254,0.008105,0.04034,0.02609,0.01575,0.01284,0.02461,0.01892,0.3921,0.3919,
1.499,0.2112,0.06013,0.009311,0.008119,0.04023,0.026,0.01579,0.01266,0.02461,0.01947,0.392,0.3917,
1.5,0.2092,0.06102,0.009313,0.008126,0.04014,0.02505,0.0157,0.01277,0.0248,0.02003,0.3917,0.3914,
1.5,0.2169,0.06071,0.009396,0.008138,0.04009,0.0248,0.01571,0.01279,0.02474,0.02049,0.3912,0.3919,
1.497,0.2171,0.05998,0.009431,0.008145,0.04001,0.02445,0.01572,0.01278,0.02476,0.02034,0.3917,0.3927,
1.501,0.2115,0.06145,0.009514,0.008146,0.03992,0.02419,0.01555,0.01287,0.02487,0.02073,0.3915,0.3913,
1.499,0.2133,0.06072,0.009561,0.008149,0.0399,0.02397,0.01561,0.01286,0.0249,0.02063,0.3916,0.3921,
1.496,0.2174,0.0593,0.009556,0.008168,0.04001,0.02401,0.01566,0.0128,0.02507,0.02039,0.3916,0.3934,
1.501,0.2292,0.06149,0.009533,0.008166,0.03994,0.02397,0.01573,0.01292,0.02496,0.02058,0.3915,0.3912,
1.5,0.2295,0.06071,0.009425,0.008172,0.03991,0.02396,0.01568,0.01299,0.02502,0.02076,0.3914,0.392,
1.497,0.2327,0.05945,0.009387,0.008176,0.03992,0.02393,0.01571,0.01312,0.02497,0.02041,0.3916,0.3933,
1.493,0.219,0.05779,0.009333,0.00819,0.03996,0.02408,0.01552,0.0132,0.02518,0.02011,0.3916,0.395,
1.507,0.2159,0.06092,0.00931,0.008178,0.03997,0.02413,0.01538,0.01534,0.02323,0.02231,0.3907,0.3905,
1.508,0.2165,0.06087,0.009343,0.008194,0.04,0.02418,0.01536,0.01537,0.02314,0.02266,0.3903,0.3905,
1.508,0.222,0.0608,0.009347,0.008203,0.03992,0.02402,0.01537,0.01831,0.02027,0.02246,0.3906,0.3907,
1.504,0.2195,0.05933,0.009394,0.008196,0.03975,0.02395,0.01534,0.01842,0.02031,0.02225,0.3907,0.3923,
1.5,0.2276,0.05769,0.00939,0.008218,0.03973,0.02381,0.01542,0.01858,0.01998,0.02226,0.3908,0.3941,
1.495,0.2226,0.05571,0.009381,0.008197,0.0397,0.02359,0.01527,0.01862,0.01998,0.02207,0.3909,0.3965,
1.491,0.2157,0.05447,0.009387,0.008202,0.03958,0.0234,0.01522,0.01866,0.01988,0.02199,0.391,0.3982,
1.506,0.215,0.06181,0.009451,0.008209,0.03955,0.02335,0.0152,0.02059,0.01803,0.02211,0.3908,0.3909,
1.502,0.218,0.06015,0.009472,0.008182,0.03961,0.02335,0.01529,0.02053,0.01796,0.02204,0.391,0.3924,
1.501,0.2211,0.05934,0.009457,0.008178,0.03982,0.02323,0.01532,0.0205,0.01822,0.02175,0.391,0.3932,
1.503,0.2163,0.06016,0.009455,0.00819,0.04021,0.02315,0.01525,0.02054,0.01824,0.02185,0.391,0.392,
1.501,0.2177,0.05895,0.009439,0.008178,0.04033,0.02323,0.01517,0.02046,0.01843,0.02163,0.391,0.3932,
1.505,0.2135,0.06064,0.009461,0.00818,0.04039,0.02328,0.01517,0.02036,0.01865,0.02163,0.3909,0.3913,
1.503,0.2132,0.0601,0.009426,0.008193,0.04034,0.02338,0.01509,0.02031,0.01878,0.02145,0.391,0.3919,
1.506,0.2222,0.06138,0.009428,0.008192,0.04031,0.02349,0.01506,0.02023,0.01895,0.02144,0.391,0.3906,
1.505,0.2219,0.06046,0.009471,0.008205,0.04022,0.02342,0.01514,0.02009,0.01899,0.02162,0.3909,0.3915,
1.503,0.2244,0.05965,0.009492,0.008207,0.04021,0.02336,0.01522,0.02002,0.01894,0.02162,0.391,0.3922,
1.504,0.212,0.05944,0.009486,0.008183,0.04007,0.02333,0.01516,0.01996,0.01923,0.02214,0.3908,0.3922,
1.499,0.2113,0.05702,0.009465,0.0082,0.04023,0.02327,0.01523,0.01984,0.01938,0.02184,0.391,0.3946,
1.507,0.2074,0.06003,0.009453,0.0082,0.04011,0.02341,0.01499,0.0198,0.01966,0.02241,0.3907,0.3912,
1.504,0.2098,0.05854,0.0095,0.008209,0.04008,0.02347,0.01497,0.01983,0.0196,0.02241,0.3908,0.3926,
1.502,0.2113,0.05742,0.009472,0.008226,0.04013,0.02359,0.01489,0.01976,0.01979,0.02223,0.3909,0.3936,
1.497,0.2076,0.05567,0.009378,0.008181,0.04002,0.02362,0.01484,0.0198,0.01992,0.02175,0.3911,0.3957,
1.494,0.2124,0.05476,0.009359,0.008184,0.03999,0.02358,0.01484,0.01993,0.01981,0.02162,0.3912,0.3968,
1.504,0.2043,0.05987,0.009325,0.008176,0.03982,0.02345,0.01472,0.02,0.01985,0.02183,0.3912,0.3918,
1.501,0.2067,0.05848,0.009328,0.008189,0.03991,0.02342,0.01472,0.02013,0.02007,0.02145,0.3912,0.3931,
1.499,0.2066,0.05747,0.009316,0.008188,0.03996,0.0234,0.01473,0.0202,0.02017,0.02121,0.3913,0.394,
1.505,0.2082,0.06018,0.009359,0.008175,0.04012,0.02339,0.01487,0.02022,0.02038,0.02093,0.3914,0.391,
1.504,0.2114,0.05918,0.009393,0.008185,0.04041,0.02341,0.01488,0.02024,0.0207,0.02047,0.3914,0.3917,
1.505,0.2106,0.05936,0.009378,0.008188,0.04036,0.02336,0.01495,0.02028,0.02078,0.02057,0.3913,0.3914,
1.505,0.2231,0.0596,0.009362,0.008173,0.04041,0.02333,0.01495,0.02029,0.02104,0.02041,0.3912,0.3912,
1.503,0.2164,0.05842,0.009375,0.008175,0.04037,0.02336,0.0151,0.02011,0.02126,0.02012,0.3914,0.3923,
1.502,0.2157,0.05783,0.009409,0.008184,0.04047,0.02335,0.01521,0.02004,0.02122,0.01999,0.3915,0.3928,
1.499,0.2386,0.05865,0.009421,0.008189,0.04045,0.02354,0.0151,0.0308,0.01038,0.02021,0.3914,0.3918,
1.5,0.2099,0.05863,0.009372,0.008187,0.04041,0.02368,0.01521,0.0306,0.01071,0.02017,0.3913,0.3917,
1.496,0.2114,0.05684,0.009322,0.008185,0.04033,0.02379,0.01514,0.03054,0.01097,0.01992,0.3914,0.3935,
1.501,0.21,0.05936,0.009218,0.008203,0.04034,0.02377,0.01533,0.03027,0.01141,0.01965,0.3913,0.3912,
1.5,0.216,0.05845,0.009245,0.0082,0.04035,0.02382,0.0153,0.03018,0.01137,0.02,0.3913,0.3918,
1.498,0.2121,0.05781,0.009281,0.0082,0.04033,0.02353,0.01551,0.02994,0.01145,0.01992,0.3913,0.3927,
1.496,0.2346,0.05681,0.009255,0.008209,0.0403,0.0235,0.01555,0.02997,0.01143,0.01985,0.3914,0.3937,
1.491,0.2455,0.05645,0.009325,0.008212,0.04019,0.02343,0.01542,0.0332,0.008633,0.01933,0.3915,0.3943,
1.498,0.2335,0.05914,0.009303,0.008208,0.03999,0.0235,0.01534,0.03306,0.008864,0.02001,0.3913,0.3913,
1.502,0.211,0.05924,0.009198,0.008201,0.03997,0.02353,0.01525,0.03292,0.008923,0.02144,0.3907,0.3906,
1.5,0.2079,0.05812,0.009225,0.008208,0.03998,0.0236,0.01525,0.03281,0.009028,0.02134,0.3908,0.3917,
1.496,0.223,0.05625,0.009228,0.008164,0.03999,0.0238,0.01512,0.03275,0.009223,0.02115,0.3908,0.3935,
1.495,0.2142,0.05565,0.009239,0.008166,0.03997,0.02372,0.0151,0.03275,0.00954,0.02084,0.3908,0.3942,
1.492,0.2121,0.05464,0.009117,0.008172,0.03997,0.02382,0.01508,0.03268,0.009731,0.02045,0.3911,0.3953,
1.49,0.2147,0.05368,0.009124,0.00813,0.04001,0.02388,0.01493,0.03267,0.009767,0.02039,0.391,0.3964,
1.501,0.2091,0.05885,0.009173,0.008124,0.04001,0.02415,0.01465,0.03273,0.009882,0.02065,0.3909,0.3909,
1.501,0.2125,0.0585,0.009194,0.008129,0.03998,0.02414,0.01464,0.03266,0.01024,0.02023,0.391,0.3913,
1.499,0.2132,0.05705,0.009204,0.008131,0.03995,0.02421,0.01463,0.0326,0.01027,0.02042,0.391,0.3926,
1.501,0.208,0.0586,0.009215,0.00813,0.03988,0.02416,0.01448,0.03266,0.01015,0.02071,0.391,0.391,
1.498,0.2134,0.05695,0.009216,0.008144,0.03979,0.02427,0.01468,0.03233,0.01027,0.02061,0.391,0.3927,
1.501,0.212,0.05807,0.009253,0.008137,0.04004,0.02441,0.01459,0.03217,0.01033,0.02075,0.3909,0.3913,
1.5,0.2151,0.05714,0.009363,0.008122,0.04007,0.02449,0.01484,0.0319,0.01031,0.02064,0.391,0.3921,
1.498,0.2191,0.05654,0.009413,0.008128,0.04007,0.02639,0.01286,0.03187,0.01057,0.02038,0.391,0.3928,
1.5,0.2211,0.05739,0.009422,0.008124,0.03997,0.02645,0.01303,0.03161,0.01057,0.02047,0.3911,0.3919,
1.498,0.2188,0.05706,0.009497,0.00813,0.03992,0.0263,0.01319,0.0313,0.01061,0.02032,0.3911,0.3926,
1.496,0.2228,0.05611,0.009596,0.008135,0.03987,0.02621,0.01324,0.03124,0.01071,0.02015,0.3912,0.3935,
1.495,0.2332,0.05552,0.009632,0.008142,0.03984,0.02625,0.01331,0.03109,0.01071,0.02015,0.3912,0.3941,
1.501,0.2311,0.05731,0.009667,0.008143,0.0398,0.02635,0.0135,0.03065,0.01085,0.02093,0.3909,0.3919,
1.505,0.221,0.05807,0.009625,0.008141,0.03972,0.0263,0.0138,0.03019,0.01112,0.02149,0.3907,0.3908,
1.504,0.2207,0.05762,0.009683,0.008142,0.03971,0.02632,0.01389,0.03004,0.01132,0.02129,0.3907,0.3912,
1.502,0.2246,0.05695,0.009721,0.008134,0.03973,0.02636,0.01401,0.02974,0.0115,0.02091,0.3909,0.392,
1.5,0.2227,0.05586,0.009743,0.00814,0.03968,0.02641,0.01416,0.02946,0.0115,0.02092,0.391,0.3931,
1.498,0.2263,0.05465,0.009806,0.008141,0.03971,0.02655,0.0142,0.02932,0.01161,0.02079,0.3911,0.3941,
1.497,0.2295,0.05421,0.009859,0.008166,0.03962,0.02653,0.01441,0.02904,0.01157,0.02068,0.3912,0.3947,
1.495,0.2317,0.05357,0.009818,0.008184,0.03966,0.02659,0.01457,0.02877,0.01174,0.02047,0.3913,0.3954,
1.506,0.2282,0.05769,0.009821,0.008181,0.0396,0.02673,0.01458,0.02855,0.01183,0.02134,0.3909,0.3908,
1.506,0.2564,0.05665,0.009858,0.008197,0.03954,0.02678,0.01474,0.02829,0.01189,0.02203,0.3906,0.3914,
1.505,0.2385,0.05572,0.009852,0.008209,0.03943,0.02682,0.02666,0.01631,0.01192,0.0219,0.3908,0.3924,
1.498,0.2319,0.053,0.00978,0.008212,0.0394,0.02651,0.02662,0.01623,0.0121,0.02161,0.3909,0.3956,
1.496,0.2308,0.05248,0.009869,0.008215,0.03924,0.02651,0.02675,0.01613,0.01205,0.02152,0.391,0.3962,
1.506,0.2227,0.05675,0.00978,0.008194,0.0392,0.02661,0.02672,0.01589,0.01305,0.02107,0.3909,0.3918,
1.505,0.2218,0.05653,0.009788,0.008196,0.03906,0.02673,0.02669,0.01573,0.01297,0.02107,0.391,0.3922,
1.508,0.2208,0.05789,0.009761,0.008198,0.03915,0.02713,0.02646,0.01561,0.01301,0.02126,0.3909,0.3907,
1.506,0.2215,0.05729,0.009783,0.0082,0.03908,0.02721,0.02644,0.01543,0.01324,0.02102,0.3911,0.3912,
1.505,0.224,0.05663,0.009761,0.00814,0.0393,0.02726,0.02635,0.0154,0.01365,0.02048,0.3912,0.3918,
1.507,0.2232,0.0568,0.009766,0.008137,0.03924,0.02723,0.02618,0.0153,0.01369,0.02132,0.3909,0.3914,
1.508,0.2226,0.05713,0.00977,0.008147,0.03928,0.02727,0.02645,0.01498,0.01377,0.02158,0.3908,0.3908,
1.504,0.223,0.05522,0.009702,0.008143,0.03927,0.02727,0.0263,0.01495,0.01407,0.02127,0.3909,0.3929,
1.503,0.2422,0.05431,0.009725,0.008167,0.03984,0.02729,0.02631,0.01483,0.01408,0.02128,0.391,0.3932,
1.509,0.2391,0.05702,0.009722,0.008172,0.03982,0.02694,0.0263,0.01479,0.01446,0.02131,0.3908,0.3906,
1.507,0.242,0.05609,0.009723,0.008189,0.03982,0.02705,0.02628,0.01483,0.01452,0.02113,0.3909,0.3915,
1.506,0.2458,0.05541,0.009769,0.008187,0.03993,0.027,0.02615,0.01473,0.01468,0.02098,0.3909,0.3923,
1.508,0.2184,0.05865,0.009815,0.008193,0.03993,0.02536,0.02607,0.01463,0.01471,0.02112,0.3907,0.3909,
1.509,0.2187,0.05885,0.00985,0.008188,0.03978,0.02542,0.02613,0.01452,0.01482,0.02145,0.3907,0.3903,
1.512,0.2158,0.05859,0.009875,0.008178,0.03971,0.02543,0.026,0.01447,0.01504,0.02244,0.3902,0.39,
1.509,0.2208,0.05759,0.009851,0.008184,0.03968,0.0255,0.02575,0.01443,0.01508,0.02241,0.3903,0.3912,
1.511,0.2346,0.05883,0.009877,0.008186,0.03967,0.02573,0.02557,0.01443,0.01501,0.02249,0.3901,0.3901,
1.508,0.2191,0.05743,0.009866,0.008183,0.03957,0.02557,0.02544,0.01442,0.0151,0.02259,0.3903,0.3915,
1.506,0.2233,0.05605,0.00987,0.008185,0.03988,0.02571,0.02528,0.01439,0.01506,0.02247,0.3904,0.3927,
1.503,0.2182,0.05461,0.009843,0.00819,0.03985,0.02576,0.02522,0.01439,0.01501,0.02247,0.3905,0.3942,
1.5,0.225,0.05275,0.009937,0.008191,0.03977,0.02591,0.02513,0.01435,0.01663,0.02086,0.3905,0.396,
1.497,0.226,0.05149,0.009919,0.008226,0.03982,0.02602,0.02495,0.01427,0.01663,0.02086,0.3906,0.3972,
1.495,0.2257,0.0505,0.01,0.008226,0.04009,0.02593,0.0249,0.01412,0.01676,0.02074,0.3906,0.3981,
1.49,0.2223,0.04879,0.009891,0.008108,0.04005,0.02605,0.02484,0.01408,0.01676,0.02061,0.3907,0.4001,
1.51,0.2149,0.05833,0.009921,0.008117,0.03998,0.02606,0.02471,0.01413,0.01719,0.02053,0.3906,0.3904,
1.507,0.2174,0.0576,0.009843,0.008116,0.03993,0.02621,0.02464,0.01402,0.01727,0.02025,0.3907,0.3914,
1.506,0.2192,0.05684,0.009979,0.008122,0.04003,0.02647,0.02439,0.01398,0.01741,0.02004,0.3909,0.3919,
1.509,0.2199,0.05723,0.009998,0.008143,0.03995,0.02659,0.02416,0.01391,0.01763,0.02063,0.3906,0.3912,
1.505,0.2207,0.05572,0.01003,0.008149,0.0398,0.02678,0.0241,0.01391,0.01759,0.02032,0.3908,0.3928,
1.501,0.2288,0.05433,0.009999,0.008052,0.03981,0.02684,0.02391,0.01626,0.01527,0.0201,0.3908,0.3946,
1.504,0.2387,0.05791,0.009953,0.008039,0.03984,0.02682,0.02967,0.01023,0.01537,0.02044,0.3907,0.391,
1.502,0.2153,0.05697,0.009869,0.007948,0.03987,0.02697,0.02968,0.01024,0.01521,0.02044,0.3908,0.392,
1.501,0.2277,0.05643,0.009938,0.007964,0.03993,0.02717,0.02944,0.01024,0.01557,0.02002,0.3909,0.3924,
1.504,0.2163,0.05747,0.009878,0.007985,0.03998,0.02706,0.02937,0.01022,0.01578,0.02009,0.3908,0.3914,
1.5,0.2178,0.05596,0.00987,0.007985,0.04004,0.02718,0.02912,0.01017,0.01592,0.01988,0.3908,0.393,
1.496,0.2202,0.05459,0.009897,0.007992,0.04007,0.02702,0.0291,0.0103,0.01581,0.01963,0.391,0.3946,
1.494,0.2215,0.05341,0.009932,0.008002,0.04002,0.02706,0.02905,0.01045,0.01583,0.01943,0.391,0.3958,
1.489,0.2257,0.0521,0.009823,0.007954,0.03997,0.027,0.02888,0.01042,0.01599,0.01902,0.3912,0.3976,
1.501,0.2171,0.05735,0.009778,0.007931,0.04019,0.02725,0.0285,0.01045,0.016,0.01953,0.3911,0.3919,
1.505,0.214,0.05841,0.009852,0.007928,0.04018,0.02736,0.02824,0.01033,0.01606,0.0201,0.3909,0.3907,
1.504,0.2187,0.05778,0.009878,0.007929,0.04042,0.02904,0.0264,0.01044,0.01608,0.01994,0.391,0.3912,
1.501,0.2409,0.05644,0.009883,0.007953,0.04066,0.02904,0.0263,0.01298,0.01355,0.0197,0.3911,0.3924,
1.498,0.2426,0.05508,0.009883,0.007952,0.04068,0.02916,0.0263,0.01292,0.0136,0.01945,0.3912,0.3937,
1.496,0.2487,0.05446,0.009907,0.007951,0.04053,0.02926,0.02612,0.01292,0.01368,0.01922,0.3914,0.3946,
1.502,0.2369,0.05762,0.009906,0.00795,0.04046,0.0291,0.02603,0.01287,0.01449,0.01872,0.3913,0.3915,
1.502,0.2345,0.05788,0.009922,0.007949,0.04043,0.03374,0.02124,0.01286,0.01462,0.01883,0.3912,0.3913,
1.502,0.2222,0.05793,0.009921,0.007966,0.04059,0.03367,0.02106,0.01285,0.01484,0.01884,0.3912,0.3911,
1.5,0.2225,0.05748,0.009933,0.007975,0.04052,0.0336,0.0209,0.01286,0.01496,0.01845,0.3915,0.3918,
1.501,0.2313,0.05764,0.009999,0.007979,0.04061,0.03362,0.02067,0.01288,0.01492,0.01863,0.3914,0.3916,
1.494,0.2274,0.05516,0.009917,0.007985,0.04068,0.03342,0.02063,0.01283,0.01518,0.01807,0.3916,0.3945,
1.501,0.2179,0.05844,0.009848,0.007981,0.04065,0.03341,0.02056,0.01287,0.01532,0.01829,0.3912,0.3914,
1.497,0.2186,0.05714,0.009807,0.007969,0.04065,0.03303,0.02051,0.01282,0.01532,0.01809,0.3917,0.393,
1.5,0.2184,0.05947,0.009889,0.007974,0.04081,0.03206,0.02029,0.01278,0.01548,0.01837,0.3913,0.3916,
1.496,0.2314,0.05922,0.009855,0.007989,0.04073,0.03455,0.01852,0.01163,0.01611,0.01766,0.3917,0.3921,
1.491,0.2332,0.05819,0.009842,0.007992,0.04077,0.03655,0.01615,0.01168,0.0162,0.0174,0.3919,0.3934,
1.484,0.2354,0.05558,0.009835,0.007908,0.0407,0.03615,0.01612,0.01381,0.01413,0.01711,0.3921,0.3966,
1.491,0.2294,0.05975,0.009884,0.00791,0.04083,0.0357,0.01597,0.01378,0.01452,0.01675,0.3921,0.3928,
1.487,0.2434,0.0584,0.009826,0.007924,0.04079,0.03548,0.01593,0.01375,0.01449,0.01671,0.3922,0.3945,
1.483,0.2485,0.05706,0.009815,0.007927,0.04077,0.03514,0.01591,0.01377,0.01448,0.01645,0.3923,0.3964,
1.492,0.2477,0.06138,0.009845,0.00793,0.04073,0.03491,0.01581,0.01372,0.01473,0.01671,0.3922,0.3921,
1.49,0.2347,0.06112,0.00977,0.007933,0.04067,0.03408,0.01583,0.01383,0.01464,0.01691,0.3921,0.3931,
1.483,0.2169,0.06836,0.009775,0.007929,0.04073,0.03124,0.01207,0.01375,0.01474,0.01684,0.3922,0.3924,
1.479,0.2195,0.06691,0.009782,0.007939,0.04065,0.03125,0.01202,0.01379,0.01504,0.01617,0.3926,0.3938,
1.478,0.2128,0.06633,0.009745,0.007961,0.04064,0.0313,0.01196,0.01383,0.01513,0.01597,0.3925,0.3946,
1.48,0.2154,0.06816,0.009811,0.007964,0.04064,0.03087,0.01188,0.01382,0.01517,0.01609,0.3925,0.3931,
1.478,0.2136,0.06763,0.009812,0.007965,0.04058,0.03058,0.01182,0.01394,0.01511,0.01597,0.3926,0.394,
1.475,0.2134,0.06644,0.009787,0.007965,0.04048,0.03045,0.01173,0.01394,0.01559,0.01542,0.3928,0.3954,
1.479,0.2136,0.06899,0.009708,0.007966,0.0405,0.0304,0.01167,0.01391,0.01556,0.01555,0.3928,0.3929,
1.476,0.2114,0.0678,0.009768,0.007955,0.04047,0.03008,0.01156,0.01396,0.01556,0.01548,0.393,0.3944,
1.477,0.2142,0.06834,0.009795,0.007954,0.04044,0.03031,0.01131,0.01396,0.01559,0.01562,0.393,0.3937,
1.476,0.2148,0.06814,0.00983,0.007884,0.04061,0.03006,0.01126,0.01388,0.01566,0.01554,0.3931,0.3941,
1.473,0.2166,0.06699,0.009757,0.007891,0.04062,0.03002,0.01116,0.0139,0.01557,0.01555,0.3931,0.3955,
1.469,0.2172,0.06564,0.00978,0.007842,0.04062,0.02957,0.0111,0.01395,0.01565,0.01533,0.3932,0.3974,
1.464,0.2243,0.06374,0.009774,0.007842,0.04054,0.02945,0.011,0.01401,0.01554,0.01529,0.3932,0.3996,
1.476,0.2197,0.06963,0.009773,0.007811,0.04009,0.0293,0.01098,0.01605,0.01346,0.01622,0.3929,0.3938,
1.48,0.2175,0.07063,0.009682,0.007808,0.03997,0.02909,0.01092,0.01617,0.01368,0.01711,0.3922,0.3927,
1.477,0.2143,0.06881,0.009708,0.007812,0.04008,0.02888,0.0109,0.01611,0.01384,0.01695,0.3926,0.3943,
1.474,0.2126,0.06818,0.009627,0.007781,0.04004,0.02868,0.01092,0.01602,0.01397,0.01668,0.3928,0.3953,
1.478,0.2154,0.07067,0.009542,0.0078,0.04011,0.02836,0.01075,0.01601,0.01421,0.01691,0.3926,0.393,
1.478,0.2159,0.06966,0.009558,0.007794,0.04005,0.02799,0.01083,0.01602,0.01411,0.01769,0.3923,0.394,
1.478,0.2104,0.06993,0.009548,0.007785,0.04001,0.02767,0.01081,0.01602,0.01418,0.01792,0.3922,0.3939,
1.475,0.2171,0.06876,0.009659,0.007788,0.03998,0.02758,0.01071,0.0161,0.01437,0.01758,0.3923,0.3952,
1.473,0.2185,0.06767,0.009666,0.007799,0.03997,0.02749,0.01056,0.01615,0.01429,0.01758,0.3923,0.3965,
1.469,0.2212,0.06554,0.009749,0.007804,0.0401,0.0275,0.01047,0.0163,0.01413,0.01758,0.3924,0.3984,
1.48,0.2176,0.07111,0.009791,0.007829,0.04001,0.02746,0.01049,0.01635,0.01402,0.01812,0.3923,0.3925,
1.478,0.2182,0.06971,0.009777,0.007835,0.03999,0.02768,0.01037,0.01627,0.01414,0.01791,0.3924,0.3939,
1.476,0.2448,0.06864,0.009832,0.007853,0.04018,0.02772,0.0104,0.01639,0.01397,0.01777,0.3925,0.3947,
1.479,0.2252,0.07011,0.009837,0.00785,0.04016,0.02758,0.01035,0.01651,0.0141,0.01785,0.3925,0.3931,
1.474,0.2375,0.06692,0.009794,0.007869,0.04013,0.0276,0.01467,0.01223,0.01423,0.01763,0.3927,0.3962,
1.471,0.2324,0.06571,0.00979,0.007863,0.04002,0.02755,0.01464,0.01223,0.01453,0.01716,0.3928,0.3977,
1.479,0.2271,0.0698,0.009825,0.007867,0.03994,0.02755,0.01457,0.01219,0.0146,0.01753,0.3927,0.3934,
1.474,0.2357,0.06882,0.009848,0.007864,0.04,0.02646,0.01441,0.0122,0.01456,0.01743,0.3928,0.3956,
1.47,0.2209,0.06758,0.009826,0.007856,0.03998,0.02641,0.01423,0.01222,0.01458,0.01732,0.3929,0.397,
1.476,0.2113,0.07061,0.009818,0.007843,0.03991,0.02624,0.01423,0.01222,0.01462,0.01755,0.3929,0.3941,
1.472,0.2147,0.06818,0.009848,0.007837,0.03994,0.02635,0.01416,0.01223,0.01465,0.01748,0.393,0.3964,
1.469,0.2144,0.06684,0.009836,0.007838,0.04015,0.02627,0.01403,0.01223,0.01458,0.01749,0.393,0.3977,
1.467,0.2159,0.06591,0.009852,0.007839,0.04031,0.02605,0.01402,0.01213,0.01478,0.01729,0.3931,0.3988,
1.463,0.2165,0.06439,0.009762,0.007839,0.04021,0.02581,0.01403,0.01214,0.01474,0.01726,0.3931,0.4007,
1.458,0.2175,0.06269,0.009855,0.007841,0.04021,0.02555,0.01404,0.01202,0.01502,0.01679,0.3932,0.4028,
1.476,0.2077,0.07171,0.009898,0.007851,0.04062,0.02559,0.01404,0.012,0.01512,0.01686,0.3933,0.393,
1.474,0.21,0.0709,0.009975,0.007835,0.04075,0.02556,0.01381,0.01199,0.01516,0.01683,0.3933,0.3939,
1.471,0.2101,0.06979,0.009954,0.007826,0.04072,0.02543,0.01369,0.01204,0.0153,0.01656,0.3934,0.3953,
1.476,0.2104,0.07203,0.01003,0.007825,0.04069,0.02523,0.01373,0.01199,0.01529,0.01704,0.3931,0.393,
1.472,0.2072,0.06999,0.01002,0.007811,0.04078,0.02522,0.01367,0.01196,0.01535,0.01682,0.3934,0.395,
1.469,0.2101,0.06902,0.01002,0.007811,0.04072,0.02504,0.0136,0.01193,0.01531,0.01682,0.3934,0.3963,
1.475,0.2061,0.07179,0.009986,0.0078,0.04057,0.02514,0.0135,0.01197,0.01523,0.01744,0.3932,0.3933,
1.473,0.209,0.07084,0.009955,0.007802,0.0405,0.02507,0.01354,0.01196,0.01536,0.01722,0.3934,0.3944,
1.47,0.211,0.07015,0.009964,0.007804,0.04056,0.02656,0.01211,0.0119,0.01532,0.01711,0.3935,0.395,
1.473,0.2128,0.07115,0.009989,0.007798,0.04042,0.02662,0.01225,0.01169,0.01583,0.01713,0.3934,0.3938,
1.471,0.2139,0.07018,0.01005,0.007747,0.0403,0.0265,0.01226,0.01157,0.01597,0.01701,0.3934,0.395,
1.474,0.216,0.07164,0.01012,0.007745,0.04026,0.02651,0.01221,0.01146,0.01603,0.01725,0.3934,0.3934,
1.473,0.2085,0.07096,0.01017,0.007765,0.04028,0.02652,0.01223,0.01145,0.01611,0.01711,0.3935,0.3939,
1.47,0.2117,0.06979,0.01017,0.007792,0.04037,0.02638,0.0145,0.009135,0.01641,0.01678,0.3935,0.3952,
1.467,0.212,0.06884,0.0102,0.007804,0.04028,0.02597,0.01458,0.009057,0.01653,0.01655,0.3936,0.3966,
1.464,0.2137,0.06755,0.01018,0.007816,0.0402,0.02598,0.01457,0.009019,0.01702,0.01606,0.3937,0.3979,
1.474,0.2092,0.07205,0.01024,0.007815,0.04029,0.02604,0.01439,0.00902,0.0171,0.01672,0.393,0.3933,
1.472,0.2115,0.07063,0.01016,0.00781,0.04044,0.02613,0.01427,0.009055,0.01738,0.01638,0.3936,0.3942,
1.476,0.2096,0.07101,0.01015,0.007806,0.0404,0.02608,0.01423,0.008955,0.01736,0.01773,0.3931,0.3932,
1.474,0.2158,0.07021,0.01021,0.007807,0.04044,0.02595,0.01418,0.008925,0.01793,0.01705,0.3931,0.3942,
1.47,0.2159,0.06841,0.01021,0.007773,0.04061,0.02578,0.01418,0.008816,0.01799,0.01691,0.3932,0.3961,
1.466,0.2203,0.06626,0.01024,0.007788,0.04061,0.02582,0.01431,0.008649,0.01806,0.01684,0.3933,0.3982,
1.471,0.2185,0.06925,0.01025,0.007773,0.04071,0.0256,0.01427,0.008605,0.01806,0.01714,0.3932,0.3951,
1.469,0.2206,0.06756,0.01029,0.007774,0.04093,0.02556,0.01431,0.008526,0.01823,0.01698,0.3932,0.3966,
1.467,0.2228,0.06724,0.0103,0.007775,0.04087,0.02556,0.01416,0.00851,0.0185,0.01664,0.3933,0.3971,
1.476,0.2197,0.07125,0.01035,0.007777,0.041,0.02555,0.01412,0.008526,0.01845,0.01724,0.3928,0.393,
1.474,0.2144,0.06981,0.01026,0.007765,0.04105,0.02563,0.01408,0.008534,0.01834,0.01748,0.3931,0.3939,
1.473,0.2149,0.06924,0.01025,0.007781,0.04106,0.02572,0.01408,0.008557,0.01843,0.0172,0.3933,0.3944,
1.476,0.2132,0.07057,0.01027,0.007774,0.04099,0.02557,0.014,0.008577,0.01839,0.01777,0.393,0.3931,
1.474,0.2165,0.0696,0.01026,0.007783,0.04096,0.02559,0.01387,0.008616,0.0185,0.01757,0.3931,0.3941,
1.47,0.2194,0.06762,0.01016,0.007783,0.04101,0.02545,0.01392,0.00861,0.01839,0.01757,0.3932,0.3963,
1.468,0.2243,0.06644,0.01018,0.007785,0.04103,0.02542,0.01398,0.008537,0.01835,0.01758,0.3932,0.3975,
1.476,0.2212,0.07021,0.01012,0.00775,0.04127,0.02559,0.01383,0.008612,0.01848,0.01796,0.3931,0.3931,
1.476,0.2228,0.06976,0.01014,0.007755,0.04134,0.02582,0.01367,0.008775,0.01854,0.01781,0.3931,0.3933,
1.473,0.2243,0.0681,0.01013,0.007756,0.04135,0.02581,0.01366,0.008729,0.01849,0.01781,0.3931,0.395,
1.476,0.2235,0.06948,0.01018,0.007701,0.04139,0.02574,0.01377,0.008558,0.01849,0.01823,0.3931,0.3934,
1.48,0.2217,0.06999,0.0102,0.007689,0.04137,0.02552,0.0137,0.008562,0.01861,0.01929,0.3926,0.3925,
1.478,0.222,0.06906,0.01016,0.007708,0.0414,0.02566,0.01363,0.008628,0.01855,0.01921,0.3926,0.3934,
1.479,0.2205,0.06941,0.01017,0.007711,0.04133,0.02554,0.01375,0.008463,0.01863,0.01947,0.3924,0.3932,
1.479,0.2192,0.06931,0.01022,0.007708,0.04173,0.02522,0.01376,0.008348,0.01887,0.01923,0.3927,0.3929,
1.477,0.2176,0.06866,0.01016,0.007757,0.0417,0.02528,0.01367,0.008419,0.0188,0.01912,0.3927,0.3937,
1.479,0.2156,0.06975,0.01015,0.007764,0.04178,0.02539,0.01376,0.008261,0.01882,0.01919,0.3928,0.3924,
1.476,0.2157,0.06905,0.01014,0.00777,0.04182,0.02513,0.01348,0.008261,0.01878,0.019,0.3929,0.3937,
1.475,0.2197,0.06877,0.01018,0.007782,0.04176,0.0251,0.01352,0.008254,0.01888,0.01884,0.3929,0.394,
1.474,0.2233,0.06823,0.01022,0.007803,0.0418,0.02522,0.0134,0.008216,0.01888,0.01884,0.3929,0.3944,
1.472,0.2243,0.06703,0.0102,0.007825,0.04182,0.02524,0.01322,0.008185,0.01889,0.01884,0.393,0.3958,
1.468,0.2266,0.06526,0.01019,0.007828,0.04183,0.02543,0.01308,0.008239,0.0188,0.01864,0.3931,0.3976,
1.475,0.2205,0.06885,0.01021,0.007823,0.04173,0.0255,0.01299,0.008269,0.01886,0.01888,0.393,0.3938,
1.475,0.2224,0.06873,0.01016,0.007827,0.04172,0.0254,0.01297,0.008227,0.01893,0.01923,0.3929,0.3939,
1.473,0.2215,0.0673,0.01019,0.007838,0.04178,0.02549,0.01282,0.008195,0.01914,0.01895,0.393,0.3953,
1.471,0.23,0.06629,0.01021,0.007834,0.04189,0.0255,0.01282,0.008318,0.01904,0.01888,0.393,0.3962,
1.469,0.2287,0.06517,0.01022,0.007801,0.04186,0.02549,0.01289,0.008259,0.01903,0.01885,0.393,0.3974,
1.466,0.2296,0.06407,0.01017,0.007797,0.04195,0.02545,0.01284,0.008323,0.01901,0.01877,0.3931,0.3985,
1.477,0.2245,0.0687,0.01021,0.007804,0.04196,0.02543,0.01291,0.008227,0.01903,0.01947,0.3929,0.3934,
1.474,0.2274,0.06754,0.01026,0.00781,0.04195,0.0255,0.01295,0.008182,0.01905,0.01918,0.393,0.3946,
1.472,0.2253,0.06635,0.01023,0.007777,0.04199,0.02555,0.01286,0.008261,0.01897,0.01918,0.393,0.3958,
1.469,0.2297,0.06504,0.01026,0.007786,0.042,0.02545,0.01274,0.008319,0.01899,0.01911,0.3931,0.3972,
1.466,0.2294,0.06363,0.01028,0.007791,0.04205,0.02551,0.01284,0.008216,0.01891,0.01903,0.3932,0.3986,
1.476,0.2294,0.06848,0.01035,0.00779,0.04206,0.02557,0.01282,0.008233,0.0193,0.01883,0.3931,0.3934,
1.478,0.2226,0.06859,0.01031,0.007798,0.04196,0.0256,0.01279,0.008227,0.01932,0.01956,0.3926,0.3933,
1.476,0.2235,0.06772,0.01032,0.007807,0.04195,0.02568,0.01279,0.008123,0.01928,0.01947,0.3932,0.3937,
1.475,0.224,0.06746,0.01038,0.007833,0.04191,0.02559,0.01279,0.008226,0.01923,0.01932,0.3932,0.394,
1.472,0.2303,0.0656,0.01037,0.007858,0.0419,0.02554,0.01283,0.008239,0.01961,0.01868,0.3934,0.396,
1.478,0.2293,0.06824,0.01041,0.007894,0.04188,0.02546,0.01282,0.008297,0.01961,0.01913,0.393,0.3932,
1.471,0.2314,0.0651,0.01023,0.007847,0.04195,0.02557,0.01273,0.008361,0.01968,0.0188,0.3933,0.3964,
1.476,0.2256,0.06676,0.01016,0.00784,0.04189,0.02552,0.01265,0.008425,0.01966,0.01958,0.393,0.3945,
1.48,0.2248,0.06804,0.01019,0.007837,0.04195,0.02542,0.01256,0.008417,0.01982,0.02019,0.3927,0.3928,
1.479,0.226,0.06776,0.01039,0.007837,0.04183,0.02529,0.01251,0.008497,0.01999,0.01995,0.3928,0.3931,
